"Date","Price","Open","High","Low","Vol.","Change %"
"09/25/2024","0.5354","0.5263","0.5410","0.5226","26.31M","1.75%"
"09/24/2024","0.5262","0.5229","0.5295","0.5139","23.60M","0.64%"
"09/23/2024","0.5229","0.5179","0.5281","0.5099","22.42M","1.02%"
"09/22/2024","0.5176","0.5278","0.5281","0.5048","10.32M","-1.93%"
"09/21/2024","0.5278","0.5174","0.5279","0.5136","11.32M","2.01%"
"09/20/2024","0.5174","0.5084","0.5193","0.5038","14.07M","1.77%"
"09/19/2024","0.5084","0.4900","0.5148","0.4900","17.82M","3.74%"
"09/18/2024","0.4900","0.4815","0.4901","0.4668","14.65M","1.77%"
"09/17/2024","0.4815","0.4724","0.4846","0.4693","16.01M","1.93%"
"09/16/2024","0.4724","0.4823","0.4831","0.4668","13.67M","-2.06%"
"09/15/2024","0.4823","0.4984","0.5013","0.4794","10.86M","-3.22%"
"09/14/2024","0.4984","0.5056","0.5060","0.4952","12.05M","-1.43%"
"09/13/2024","0.5056","0.5030","0.5093","0.4951","10.92M","0.51%"
"09/12/2024","0.5030","0.4913","0.5034","0.4912","13.56M","2.38%"
"09/11/2024","0.4913","0.4900","0.4964","0.4755","21.46M","0.27%"
"09/10/2024","0.4900","0.4940","0.4976","0.4855","17.36M","-0.71%"
"09/09/2024","0.4935","0.4803","0.4979","0.4769","24.80M","2.74%"
"09/08/2024","0.4803","0.4623","0.4823","0.4591","18.25M","3.89%"
"09/07/2024","0.4623","0.4550","0.4678","0.4510","15.84M","1.62%"
"09/06/2024","0.4550","0.4624","0.4743","0.4384","28.28M","-1.62%"
"09/05/2024","0.4624","0.4644","0.4706","0.4562","19.86M","-0.42%"
"09/04/2024","0.4644","0.4536","0.4682","0.4343","23.32M","2.37%"
"09/03/2024","0.4536","0.4758","0.4843","0.4531","21.42M","-4.66%"
"09/02/2024","0.4758","0.4558","0.4788","0.4540","18.09M","4.38%"
"09/01/2024","0.4558","0.4810","0.4816","0.4516","19.60M","-5.24%"
"08/31/2024","0.4810","0.4881","0.4886","0.4785","9.71M","-1.42%"
"08/30/2024","0.4879","0.4854","0.4961","0.4723","22.80M","0.53%"
"08/29/2024","0.4854","0.4951","0.5041","0.4805","22.56M","-1.97%"
"08/28/2024","0.4951","0.4920","0.5000","0.4749","32.74M","0.63%"
"08/27/2024","0.4920","0.5193","0.5245","0.4818","19.51M","-5.29%"
"08/26/2024","0.5195","0.5357","0.5392","0.5141","21.18M","-3.02%"
"08/25/2024","0.5357","0.5549","0.5550","0.5311","22.15M","-3.43%"
"08/24/2024","0.5547","0.5565","0.5621","0.5464","17.34M","-0.31%"
"08/23/2024","0.5565","0.5282","0.5652","0.5254","39.07M","5.35%"
"08/22/2024","0.5282","0.5155","0.5296","0.5078","26.66M","2.49%"
"08/21/2024","0.5154","0.4920","0.5203","0.4900","25.01M","4.76%"
"08/20/2024","0.4919","0.4901","0.5011","0.4830","17.83M","0.36%"
"08/19/2024","0.4901","0.4922","0.4974","0.4782","26.87M","-0.44%"
"08/18/2024","0.4923","0.5007","0.5023","0.4848","16.63M","-1.66%"
"08/17/2024","0.5007","0.4941","0.5074","0.4909","16.20M","1.33%"
"08/16/2024","0.4941","0.4892","0.4991","0.4752","21.93M","1.01%"
"08/15/2024","0.4892","0.5070","0.5143","0.4863","32.70M","-3.51%"
"08/14/2024","0.5070","0.5064","0.5092","0.4933","22.03M","0.06%"
"08/13/2024","0.5067","0.5000","0.5230","0.4908","26.22M","1.33%"
"08/12/2024","0.5000","0.4673","0.5045","0.4669","24.30M","7.04%"
"08/11/2024","0.4672","0.4880","0.4945","0.4618","16.66M","-4.27%"
"08/10/2024","0.4880","0.4769","0.4916","0.4729","12.87M","2.33%"
"08/09/2024","0.4769","0.4885","0.4886","0.4663","21.65M","-2.37%"
"08/08/2024","0.4885","0.4473","0.4916","0.4405","23.35M","9.21%"
"08/07/2024","0.4473","0.4597","0.4717","0.4370","28.84M","-2.72%"
"08/06/2024","0.4598","0.4451","0.4695","0.4450","33.31M","3.32%"
"08/05/2024","0.4451","0.4711","0.4753","0.4023","77.32M","-5.53%"
"08/04/2024","0.4711","0.4955","0.5143","0.4601","30.02M","-4.93%"
"08/03/2024","0.4955","0.5217","0.5262","0.4828","33.82M","-5.02%"
"08/02/2024","0.5217","0.5476","0.5560","0.5040","42.94M","-4.73%"
"08/01/2024","0.5476","0.5840","0.5871","0.5097","44.27M","-6.23%"
"07/31/2024","0.5840","0.5713","0.6052","0.5673","27.71M","2.21%"
"07/30/2024","0.5714","0.5739","0.5902","0.5582","28.54M","-0.44%"
"07/29/2024","0.5739","0.5662","0.5994","0.5650","29.83M","1.36%"
"07/28/2024","0.5662","0.5799","0.5830","0.5627","10.66M","-2.34%"
"07/27/2024","0.5798","0.5785","0.5869","0.5701","13.33M","0.23%"
"07/26/2024","0.5785","0.5571","0.5794","0.5553","18.27M","3.83%"
"07/25/2024","0.5571","0.5893","0.5949","0.5361","30.19M","-5.48%"
"07/24/2024","0.5894","0.5802","0.6072","0.5716","32.92M","1.60%"
"07/23/2024","0.5802","0.5824","0.5953","0.5651","30.96M","-0.38%"
"07/22/2024","0.5823","0.6081","0.6125","0.5784","20.62M","-4.23%"
"07/21/2024","0.6081","0.6091","0.6198","0.5853","18.77M","-0.16%"
"07/20/2024","0.6091","0.6079","0.6155","0.6003","15.75M","0.19%"
"07/19/2024","0.6079","0.5871","0.6133","0.5751","25.11M","3.54%"
"07/18/2024","0.5871","0.6008","0.6112","0.5731","21.68M","-2.29%"
"07/17/2024","0.6008","0.5984","0.6226","0.5981","31.04M","0.41%"
"07/16/2024","0.5984","0.5919","0.6096","0.5765","36.11M","1.01%"
"07/15/2024","0.5924","0.5766","0.5944","0.5725","26.31M","2.72%"
"07/14/2024","0.5767","0.5481","0.5797","0.5442","27.18M","5.20%"
"07/13/2024","0.5482","0.5252","0.5512","0.5233","14.99M","4.37%"
"07/12/2024","0.5252","0.5201","0.5266","0.5134","23.98M","1.00%"
"07/11/2024","0.5201","0.5235","0.5420","0.5183","26.46M","-0.70%"
"07/10/2024","0.5237","0.5216","0.5300","0.5156","28.18M","0.41%"
"07/09/2024","0.5216","0.5122","0.5351","0.5089","31.21M","1.84%"
"07/08/2024","0.5122","0.4910","0.5193","0.4710","47.17M","4.31%"
"07/07/2024","0.4910","0.5212","0.5235","0.4885","35.09M","-5.79%"
"07/06/2024","0.5212","0.4793","0.5265","0.4780","37.44M","8.74%"
"07/05/2024","0.4793","0.5014","0.5016","0.4430","85.76M","-4.39%"
"07/04/2024","0.5013","0.5604","0.5644","0.4967","49.25M","-10.55%"
"07/03/2024","0.5604","0.5836","0.5860","0.5535","26.19M","-3.97%"
"07/02/2024","0.5836","0.5774","0.5872","0.5748","17.73M","1.07%"
"07/01/2024","0.5774","0.5779","0.5877","0.5738","24.64M","-0.08%"
"06/30/2024","0.5779","0.5659","0.5811","0.5590","18.47M","2.12%"
"06/29/2024","0.5659","0.5875","0.5929","0.5637","19.55M","-3.67%"
"06/28/2024","0.5875","0.5892","0.5985","0.5823","25.09M","-0.33%"
"06/27/2024","0.5894","0.5747","0.5909","0.5658","27.87M","2.61%"
"06/26/2024","0.5744","0.5767","0.5807","0.5652","21.46M","-0.38%"
"06/25/2024","0.5766","0.5698","0.5839","0.5661","27.37M","1.20%"
"06/24/2024","0.5698","0.5599","0.5706","0.5406","42.02M","1.76%"
"06/23/2024","0.5599","0.5734","0.5797","0.5562","18.83M","-2.33%"
"06/22/2024","0.5732","0.5669","0.5790","0.5593","16.93M","1.14%"
"06/21/2024","0.5668","0.5720","0.5816","0.5611","32.45M","-0.90%"
"06/20/2024","0.5720","0.5702","0.5940","0.5624","38.15M","0.32%"
"06/19/2024","0.5702","0.5559","0.5782","0.5513","45.54M","2.56%"
"06/18/2024","0.5559","0.6155","0.6177","0.5352","90.30M","-9.70%"
"06/17/2024","0.6156","0.6541","0.6579","0.6025","42.11M","-5.88%"
"06/16/2024","0.6541","0.6618","0.6650","0.6504","13.07M","-1.15%"
"06/15/2024","0.6618","0.6482","0.6629","0.6471","13.27M","2.09%"
"06/14/2024","0.6482","0.6749","0.6846","0.6351","36.58M","-3.95%"
"06/13/2024","0.6749","0.7024","0.7043","0.6703","29.05M","-3.91%"
"06/12/2024","0.7023","0.6834","0.7153","0.6717","30.01M","2.77%"
"06/11/2024","0.6834","0.7065","0.7076","0.6671","38.46M","-3.27%"
"06/10/2024","0.7065","0.7107","0.7169","0.6969","17.08M","-0.60%"
"06/09/2024","0.7107","0.7011","0.7141","0.6995","17.16M","1.36%"
"06/08/2024","0.7012","0.7284","0.7332","0.6931","35.43M","-3.73%"
"06/07/2024","0.7284","0.7851","0.8012","0.6683","37.69M","-7.22%"
"06/06/2024","0.7851","0.8073","0.8076","0.7761","24.21M","-2.75%"
"06/05/2024","0.8072","0.8129","0.8162","0.7997","25.67M","-0.68%"
"06/04/2024","0.8128","0.8012","0.8131","0.7869","21.80M","1.45%"
"06/03/2024","0.8012","0.7998","0.8245","0.7918","23.56M","0.17%"
"06/02/2024","0.7998","0.8090","0.8173","0.7936","20.86M","-1.14%"
"06/01/2024","0.8090","0.8137","0.8159","0.8040","17.02M","-0.58%"
"05/31/2024","0.8137","0.8092","0.8268","0.7958","26.85M","0.56%"
"05/30/2024","0.8092","0.8063","0.8231","0.7847","26.64M","0.36%"
"05/29/2024","0.8063","0.8081","0.8228","0.8032","23.89M","-0.22%"
"05/28/2024","0.8081","0.8407","0.8415","0.8000","37.16M","-3.87%"
"05/27/2024","0.8406","0.8308","0.8510","0.8237","19.15M","1.17%"
"05/26/2024","0.8308","0.8498","0.8519","0.8242","11.61M","-2.26%"
"05/25/2024","0.8500","0.8425","0.8631","0.8374","14.39M","0.88%"
"05/24/2024","0.8426","0.8227","0.8449","0.8096","24.07M","2.42%"
"05/23/2024","0.8227","0.8442","0.8570","0.7859","29.87M","-2.55%"
"05/22/2024","0.8442","0.8694","0.8703","0.8348","23.23M","-2.90%"
"05/21/2024","0.8694","0.8521","0.8878","0.8390","36.39M","2.03%"
"05/20/2024","0.8521","0.7839","0.8556","0.7790","25.20M","8.71%"
"05/19/2024","0.7838","0.8136","0.8170","0.7794","14.48M","-3.66%"
"05/18/2024","0.8136","0.8211","0.8249","0.8084","14.86M","-0.92%"
"05/17/2024","0.8211","0.8050","0.8295","0.7970","19.55M","2.00%"
"05/16/2024","0.8050","0.8007","0.8079","0.7902","20.58M","0.52%"
"05/15/2024","0.8008","0.7573","0.8024","0.7487","26.36M","5.75%"
"05/14/2024","0.7573","0.7871","0.7952","0.7545","24.59M","-3.80%"
"05/13/2024","0.7871","0.7768","0.7915","0.7508","28.15M","1.32%"
"05/12/2024","0.7769","0.7817","0.7908","0.7684","12.08M","-0.61%"
"05/11/2024","0.7817","0.7904","0.7986","0.7777","17.54M","-1.11%"
"05/10/2024","0.7904","0.8176","0.8345","0.7811","28.34M","-3.32%"
"05/09/2024","0.8176","0.7968","0.8234","0.7891","21.55M","2.61%"
"05/08/2024","0.7968","0.7937","0.8136","0.7785","25.74M","0.39%"
"05/07/2024","0.7937","0.8167","0.8242","0.7894","22.58M","-2.81%"
"05/06/2024","0.8167","0.8225","0.8490","0.8159","24.86M","-0.71%"
"05/05/2024","0.8225","0.8166","0.8305","0.8062","14.93M","0.71%"
"05/04/2024","0.8167","0.8275","0.8343","0.8142","19.70M","-1.29%"
"05/03/2024","0.8274","0.8161","0.8396","0.8015","23.44M","1.37%"
"05/02/2024","0.8162","0.7816","0.8313","0.7605","29.53M","4.43%"
"05/01/2024","0.7816","0.7592","0.7861","0.7118","41.61M","2.96%"
"04/30/2024","0.7591","0.8050","0.8240","0.7417","38.61M","-5.69%"
"04/29/2024","0.8049","0.7898","0.8071","0.7730","25.90M","1.92%"
"04/28/2024","0.7898","0.8054","0.8279","0.7860","21.32M","-1.94%"
"04/27/2024","0.8054","0.8315","0.8386","0.8023","32.78M","-3.12%"
"04/26/2024","0.8314","0.8425","0.8477","0.7999","39.44M","-1.29%"
"04/25/2024","0.8422","0.8241","0.9596","0.8200","101.86M","2.19%"
"04/24/2024","0.8242","0.8369","0.8776","0.8122","27.92M","-1.51%"
"04/23/2024","0.8368","0.8481","0.8568","0.8319","21.85M","-1.32%"
"04/22/2024","0.8481","0.8121","0.8652","0.8091","25.40M","4.42%"
"04/21/2024","0.8122","0.8239","0.8314","0.7994","21.72M","-1.42%"
"04/20/2024","0.8239","0.7768","0.8321","0.7724","25.42M","6.14%"
"04/19/2024","0.7763","0.7604","0.7926","0.7084","40.39M","2.10%"
"04/18/2024","0.7603","0.7315","0.7671","0.7155","29.61M","3.92%"
"04/17/2024","0.7316","0.7487","0.7575","0.7060","32.10M","-2.30%"
"04/16/2024","0.7488","0.7543","0.7609","0.7180","36.03M","-0.73%"
"04/15/2024","0.7543","0.7737","0.8171","0.7165","47.65M","-2.54%"
"04/14/2024","0.7740","0.7307","0.7810","0.7021","70.52M","5.91%"
"04/13/2024","0.7308","0.9369","0.9369","0.6550","89.47M","-22.01%"
"04/12/2024","0.9370","1.1193","1.1496","0.8793","61.62M","-16.29%"
"04/11/2024","1.1194","1.0602","1.1318","1.0510","33.45M","5.60%"
"04/10/2024","1.0600","1.0679","1.0805","1.0076","28.48M","-0.75%"
"04/09/2024","1.0680","1.0990","1.1334","1.0636","38.28M","-2.82%"
"04/08/2024","1.0990","1.0300","1.1396","1.0076","28.85M","6.70%"
"04/07/2024","1.0301","1.0194","1.0416","1.0171","16.16M","1.04%"
"04/06/2024","1.0194","0.9902","1.0242","0.9860","14.92M","2.95%"
"04/05/2024","0.9902","0.9944","1.0039","0.9491","19.96M","-0.43%"
"04/04/2024","0.9944","0.9546","1.0050","0.9390","18.44M","4.18%"
"04/03/2024","0.9546","0.9687","0.9885","0.9360","25.26M","-1.45%"
"04/02/2024","0.9687","1.0385","1.0388","0.9533","34.71M","-6.72%"
"04/01/2024","1.0385","1.1016","1.1136","1.0183","28.70M","-5.73%"
"03/31/2024","1.1016","1.0746","1.1070","1.0705","14.13M","2.51%"
"03/30/2024","1.0746","1.1057","1.1068","1.0676","21.71M","-2.80%"
"03/29/2024","1.1055","1.0993","1.1358","1.0797","35.27M","0.57%"
"03/28/2024","1.0993","1.0608","1.1213","1.0344","27.03M","3.64%"
"03/27/2024","1.0607","1.0886","1.1042","1.0335","28.87M","-2.56%"
"03/26/2024","1.0886","1.0687","1.1000","1.0590","26.55M","1.86%"
"03/25/2024","1.0687","1.0503","1.0852","1.0395","24.91M","1.74%"
"03/24/2024","1.0504","1.0378","1.0545","1.0177","23.61M","1.20%"
"03/23/2024","1.0380","0.9786","1.0610","0.9695","27.60M","6.09%"
"03/22/2024","0.9785","1.0121","1.0147","0.9496","25.37M","-3.32%"
"03/21/2024","1.0121","1.0004","1.0293","0.9804","29.84M","1.16%"
"03/20/2024","1.0005","0.9098","1.0095","0.8829","42.74M","9.95%"
"03/19/2024","0.9100","0.9842","0.9913","0.8808","50.22M","-7.54%"
"03/18/2024","0.9842","1.0167","1.0432","0.9510","32.32M","-3.18%"
"03/17/2024","1.0165","0.9863","1.0246","0.9368","34.45M","3.07%"
"03/16/2024","0.9863","1.0654","1.0863","0.9630","37.85M","-7.42%"
"03/15/2024","1.0653","1.1382","1.1549","1.0025","50.70M","-6.44%"
"03/14/2024","1.1387","1.1827","1.2096","1.0834","41.13M","-3.72%"
"03/13/2024","1.1827","1.1863","1.2159","1.1539","29.32M","-0.29%"
"03/12/2024","1.1862","1.2337","1.2392","1.1114","39.23M","-3.84%"
"03/11/2024","1.2335","1.1443","1.2638","1.0990","49.11M","7.80%"
"03/10/2024","1.1443","1.2009","1.2188","1.1168","38.20M","-4.70%"
"03/09/2024","1.2007","1.1958","1.2287","1.1787","37.99M","0.39%"
"03/08/2024","1.1961","1.2505","1.3317","1.1493","74.27M","-4.34%"
"03/07/2024","1.2503","1.0684","1.3571","1.0633","121.90M","16.99%"
"03/06/2024","1.0688","1.0246","1.0707","0.9737","58.99M","4.31%"
"03/05/2024","1.0246","1.1055","1.1635","0.9257","85.31M","-7.22%"
"03/04/2024","1.1043","1.0679","1.1472","1.0543","66.60M","3.42%"
"03/03/2024","1.0678","1.1134","1.1153","0.9876","55.62M","-4.10%"
"03/02/2024","1.1135","0.9141","1.1298","0.9090","83.43M","21.83%"
"03/01/2024","0.9140","0.8616","0.9140","0.8584","44.91M","6.09%"
"02/29/2024","0.8615","0.8298","0.8949","0.8295","70.72M","3.82%"
"02/28/2024","0.8298","0.8339","0.8718","0.7869","58.26M","-0.50%"
"02/27/2024","0.8339","0.8156","0.8378","0.8084","44.20M","2.25%"
"02/26/2024","0.8156","0.8006","0.8168","0.7792","36.36M","2.05%"
"02/25/2024","0.7993","0.8038","0.8039","0.7858","24.92M","-0.56%"
"02/24/2024","0.8038","0.7997","0.8250","0.7839","30.03M","0.50%"
"02/23/2024","0.7998","0.7753","0.8803","0.7605","56.21M","3.16%"
"02/22/2024","0.7753","0.7645","0.7831","0.7504","33.14M","1.41%"
"02/21/2024","0.7645","0.7979","0.7984","0.7374","36.32M","-4.18%"
"02/20/2024","0.7979","0.7913","0.8068","0.7557","44.10M","0.82%"
"02/19/2024","0.7914","0.7773","0.7935","0.7729","32.02M","1.90%"
"02/18/2024","0.7767","0.7681","0.7848","0.7626","25.64M","1.10%"
"02/17/2024","0.7682","0.7661","0.7731","0.7433","25.42M","0.27%"
"02/16/2024","0.7661","0.7716","0.7827","0.7489","30.67M","-0.71%"
"02/15/2024","0.7717","0.7564","0.7818","0.7557","39.83M","2.02%"
"02/14/2024","0.7564","0.7369","0.7604","0.7309","30.43M","2.63%"
"02/13/2024","0.7370","0.7533","0.7581","0.7254","32.40M","-2.17%"
"02/12/2024","0.7533","0.7339","0.7589","0.7181","29.55M","2.65%"
"02/11/2024","0.7339","0.7358","0.7480","0.7298","22.51M","-0.27%"
"02/10/2024","0.7359","0.7421","0.7441","0.7254","23.16M","-0.77%"
"02/09/2024","0.7415","0.7196","0.7527","0.7196","34.18M","3.07%"
"02/08/2024","0.7195","0.7196","0.7262","0.7132","24.74M","0.01%"
"02/07/2024","0.7194","0.7133","0.7234","0.7032","21.38M","0.89%"
"02/06/2024","0.7131","0.7096","0.7234","0.7093","22.76M","0.49%"
"02/05/2024","0.7096","0.6967","0.7108","0.6871","20.36M","1.86%"
"02/04/2024","0.6967","0.7233","0.7233","0.6939","16.26M","-3.69%"
"02/03/2024","0.7233","0.7145","0.7309","0.7093","23.45M","1.24%"
"02/02/2024","0.7145","0.7034","0.7150","0.6957","28.16M","1.56%"
"02/01/2024","0.7035","0.6899","0.7038","0.6766","32.50M","1.97%"
"01/31/2024","0.6899","0.7025","0.7048","0.6797","30.80M","-1.79%"
"01/30/2024","0.7025","0.7169","0.7256","0.7002","31.78M","-1.99%"
"01/29/2024","0.7168","0.7097","0.7202","0.6961","29.15M","0.99%"
"01/28/2024","0.7097","0.7097","0.7340","0.7021","31.68M","0.02%"
"01/27/2024","0.7096","0.7048","0.7126","0.6947","25.53M","0.70%"
"01/26/2024","0.7047","0.6893","0.7074","0.6836","31.25M","2.22%"
"01/25/2024","0.6893","0.6890","0.6929","0.6737","30.96M","0.04%"
"01/24/2024","0.6891","0.6779","0.6898","0.6695","34.15M","1.64%"
"01/23/2024","0.6779","0.6903","0.7042","0.6441","25.72M","-1.80%"
"01/22/2024","0.6904","0.7203","0.7249","0.6778","18.80M","-4.18%"
"01/21/2024","0.7205","0.7266","0.7331","0.7193","16.01M","-0.85%"
"01/20/2024","0.7266","0.7226","0.7268","0.7106","20.68M","0.55%"
"01/19/2024","0.7227","0.7173","0.7241","0.6819","24.39M","0.75%"
"01/18/2024","0.7173","0.7612","0.7617","0.7078","24.11M","-5.77%"
"01/17/2024","0.7612","0.7747","0.7782","0.7495","20.96M","-1.74%"
"01/16/2024","0.7747","0.7782","0.7872","0.7543","19.93M","-0.46%"
"01/15/2024","0.7782","0.7449","0.7941","0.7449","23.94M","4.49%"
"01/14/2024","0.7448","0.7644","0.7709","0.7443","20.03M","-2.57%"
"01/13/2024","0.7644","0.7697","0.7723","0.7427","25.18M","-0.69%"
"01/12/2024","0.7697","0.7841","0.8106","0.7413","34.98M","-1.87%"
"01/11/2024","0.7844","0.7543","0.8067","0.7440","39.80M","4.03%"
"01/10/2024","0.7540","0.7090","0.7688","0.6936","32.24M","6.35%"
"01/09/2024","0.7090","0.7390","0.7411","0.6848","28.38M","-4.06%"
"01/08/2024","0.7390","0.7018","0.7411","0.6686","31.24M","5.32%"
"01/07/2024","0.7017","0.7391","0.7471","0.6935","21.34M","-5.08%"
"01/06/2024","0.7392","0.7479","0.7490","0.7048","26.26M","-1.16%"
"01/05/2024","0.7479","0.7722","0.7759","0.7237","28.87M","-3.19%"
"01/04/2024","0.7725","0.7682","0.7822","0.7569","34.72M","0.57%"
"01/03/2024","0.7682","0.8653","0.8761","0.7220","44.68M","-11.26%"
"01/02/2024","0.8656","0.8857","0.8951","0.8583","24.44M","-2.27%"
"01/01/2024","0.8857","0.8450","0.8870","0.8387","16.36M","4.83%"
"12/31/2023","0.8449","0.8533","0.8669","0.8244","15.35M","-0.95%"
"12/30/2023","0.8530","0.8479","0.8758","0.8406","17.87M","0.59%"
"12/29/2023","0.8480","0.8698","0.8810","0.8304","22.05M","-2.51%"
"12/28/2023","0.8698","0.9040","0.9137","0.8579","28.56M","-3.78%"
"12/27/2023","0.9040","0.8718","0.9064","0.8357","29.32M","3.69%"
"12/26/2023","0.8718","0.8798","0.8869","0.8165","36.58M","-0.91%"
"12/25/2023","0.8798","0.8138","0.8858","0.8032","30.31M","8.11%"
"12/24/2023","0.8138","0.8375","0.8443","0.8017","25.81M","-2.81%"
"12/23/2023","0.8373","0.8436","0.8444","0.8134","19.80M","-0.74%"
"12/22/2023","0.8436","0.8420","0.8913","0.8308","37.81M","0.18%"
"12/21/2023","0.8420","0.7854","0.8448","0.7821","26.36M","7.22%"
"12/20/2023","0.7853","0.7596","0.8009","0.7531","26.01M","3.38%"
"12/19/2023","0.7597","0.7764","0.7867","0.7528","24.76M","-2.16%"
"12/18/2023","0.7764","0.7972","0.8019","0.7341","31.07M","-2.59%"
"12/17/2023","0.7971","0.8049","0.8270","0.7942","38.68M","-0.98%"
"12/16/2023","0.8050","0.7553","0.8091","0.7448","42.07M","6.58%"
"12/15/2023","0.7553","0.7922","0.7991","0.7516","25.64M","-4.67%"
"12/14/2023","0.7923","0.7882","0.7991","0.7674","23.55M","0.52%"
"12/13/2023","0.7882","0.7830","0.7947","0.7486","23.85M","0.68%"
"12/12/2023","0.7829","0.7696","0.7915","0.7570","27.15M","1.72%"
"12/11/2023","0.7696","0.8362","0.8380","0.7438","37.59M","-7.88%"
"12/10/2023","0.8355","0.8512","0.8773","0.8141","32.51M","-1.84%"
"12/09/2023","0.8511","0.7909","0.8691","0.7907","47.26M","7.62%"
"12/08/2023","0.7909","0.7671","0.7928","0.7586","25.24M","3.00%"
"12/07/2023","0.7678","0.7325","0.7861","0.7295","43.59M","4.83%"
"12/06/2023","0.7325","0.7350","0.7404","0.7132","25.80M","-0.42%"
"12/05/2023","0.7356","0.7125","0.7408","0.7075","28.80M","3.19%"
"12/04/2023","0.7128","0.6991","0.7245","0.6961","32.08M","1.96%"
"12/03/2023","0.6991","0.6943","0.7018","0.6877","19.31M","0.70%"
"12/02/2023","0.6943","0.6898","0.7054","0.6856","14.35M","0.65%"
"12/01/2023","0.6898","0.6786","0.6918","0.6722","14.73M","1.74%"
"11/30/2023","0.6780","0.6789","0.6825","0.6705","12.39M","-0.13%"
"11/29/2023","0.6789","0.6777","0.6868","0.6711","16.92M","0.17%"
"11/28/2023","0.6777","0.6751","0.6835","0.6580","19.09M","0.39%"
"11/27/2023","0.6751","0.6990","0.7062","0.6619","17.14M","-3.42%"
"11/26/2023","0.6990","0.7004","0.7046","0.6805","13.90M","-0.19%"
"11/25/2023","0.7004","0.6841","0.7012","0.6803","11.06M","2.39%"
"11/24/2023","0.6840","0.6747","0.6882","0.6728","10.62M","1.38%"
"11/23/2023","0.6747","0.6779","0.6828","0.6609","12.45M","-0.47%"
"11/22/2023","0.6779","0.6471","0.6831","0.6451","15.50M","4.76%"
"11/21/2023","0.6471","0.7061","0.7169","0.6412","29.45M","-8.35%"
"11/20/2023","0.7061","0.7212","0.7270","0.7007","18.75M","-2.09%"
"11/19/2023","0.7212","0.7100","0.7250","0.6959","12.22M","1.58%"
"11/18/2023","0.7100","0.7125","0.7161","0.6747","16.28M","-0.34%"
"11/17/2023","0.7124","0.7050","0.7252","0.6816","28.46M","1.05%"
"11/16/2023","0.7050","0.7300","0.7509","0.6888","42.19M","-3.42%"
"11/15/2023","0.7300","0.6957","0.7333","0.6898","24.83M","4.93%"
"11/14/2023","0.6957","0.7200","0.7301","0.6666","27.79M","-3.39%"
"11/13/2023","0.7201","0.7328","0.7561","0.7156","32.04M","-1.73%"
"11/12/2023","0.7328","0.7259","0.7435","0.7010","29.34M","0.94%"
"11/11/2023","0.7260","0.7088","0.7390","0.6968","39.89M","2.41%"
"11/10/2023","0.7088","0.6812","0.7140","0.6702","36.05M","4.06%"
"11/09/2023","0.6812","0.7029","0.7201","0.6330","42.72M","-3.09%"
"11/08/2023","0.7029","0.6882","0.7082","0.6827","19.94M","2.14%"
"11/07/2023","0.6882","0.6991","0.7032","0.6628","22.89M","-1.56%"
"11/06/2023","0.6991","0.6769","0.7021","0.6670","14.27M","3.28%"
"11/05/2023","0.6769","0.6592","0.6901","0.6561","18.31M","2.69%"
"11/04/2023","0.6592","0.6490","0.6640","0.6470","8.67M","1.57%"
"11/03/2023","0.6490","0.6481","0.6602","0.6246","15.17M","0.15%"
"11/02/2023","0.6480","0.6551","0.6640","0.6277","21.72M","-1.08%"
"11/01/2023","0.6551","0.6380","0.6590","0.6120","27.41M","2.68%"
"10/31/2023","0.6380","0.6270","0.6491","0.6045","30.30M","1.75%"
"10/30/2023","0.6270","0.6280","0.6328","0.6108","21.65M","-0.16%"
"10/29/2023","0.6280","0.6289","0.6492","0.6147","19.08M","-0.15%"
"10/28/2023","0.6289","0.6019","0.6386","0.6000","20.34M","4.49%"
"10/27/2023","0.6019","0.5971","0.6160","0.5859","22.63M","0.81%"
"10/26/2023","0.5971","0.5959","0.6190","0.5820","29.37M","0.20%"
"10/25/2023","0.5959","0.5929","0.6069","0.5779","20.79M","0.51%"
"10/24/2023","0.5929","0.5920","0.6079","0.5751","27.27M","0.15%"
"10/23/2023","0.5920","0.5620","0.5962","0.5570","22.46M","5.34%"
"10/22/2023","0.5620","0.5600","0.5639","0.5471","10.84M","0.35%"
"10/21/2023","0.5600","0.5469","0.5642","0.5450","8.94M","2.41%"
"10/20/2023","0.5469","0.5351","0.5569","0.5330","8.99M","2.19%"
"10/19/2023","0.5351","0.5349","0.5370","0.5270","6.84M","0.05%"
"10/18/2023","0.5349","0.5421","0.5472","0.5309","7.46M","-1.34%"
"10/17/2023","0.5421","0.5571","0.5590","0.5361","8.83M","-2.69%"
"10/16/2023","0.5571","0.5480","0.5721","0.5461","15.44M","1.82%"
"10/15/2023","0.5471","0.5422","0.5529","0.5390","6.02M","0.92%"
"10/14/2023","0.5422","0.5439","0.5479","0.5419","4.19M","-0.32%"
"10/13/2023","0.5439","0.5370","0.5490","0.5351","4.38M","1.29%"
"10/12/2023","0.5370","0.5390","0.5399","0.5279","7.88M","-0.36%"
"10/11/2023","0.5390","0.5421","0.5449","0.5309","5.88M","-0.57%"
"10/10/2023","0.5421","0.5411","0.5459","0.5341","5.77M","0.17%"
"10/09/2023","0.5411","0.5662","0.5679","0.5320","10.38M","-4.43%"
"10/08/2023","0.5662","0.5691","0.5719","0.5600","5.03M","-0.52%"
"10/07/2023","0.5691","0.5699","0.5789","0.5651","27.97M","-0.14%"
"10/06/2023","0.5699","0.5640","0.5759","0.5580","8.78M","1.04%"
"10/05/2023","0.5640","0.5769","0.5821","0.5601","15.67M","-2.23%"
"10/04/2023","0.5769","0.5850","0.5850","0.5653","12.14M","-1.38%"
"10/03/2023","0.5850","0.5862","0.6204","0.5849","20.90M","-0.29%"
"10/02/2023","0.5867","0.6033","0.6060","0.5790","15.61M","-2.74%"
"10/01/2023","0.6033","0.5826","0.6071","0.5811","14.94M","3.55%"
"09/30/2023","0.5826","0.5784","0.5848","0.5766","13.40M","0.72%"
"09/29/2023","0.5784","0.5714","0.5811","0.5686","22.79M","1.23%"
"09/28/2023","0.5714","0.5607","0.5752","0.5581","22.69M","1.90%"
"09/27/2023","0.5607","0.5623","0.5728","0.5556","20.22M","-0.29%"
"09/26/2023","0.5623","0.5697","0.5731","0.5534","14.68M","-1.30%"
"09/25/2023","0.5697","0.5709","0.5768","0.5629","16.76M","-0.21%"
"09/24/2023","0.5709","0.5818","0.5860","0.5689","9.35M","-1.88%"
"09/23/2023","0.5818","0.5760","0.5832","0.5714","9.53M","1.01%"
"09/22/2023","0.5760","0.5758","0.5805","0.5705","14.80M","0.02%"
"09/21/2023","0.5759","0.5785","0.5888","0.5645","18.67M","-0.46%"
"09/20/2023","0.5785","0.5835","0.5844","0.5676","17.91M","-0.85%"
"09/19/2023","0.5835","0.5727","0.5857","0.5704","19.36M","1.89%"
"09/18/2023","0.5727","0.5587","0.5819","0.5508","18.61M","2.50%"
"09/17/2023","0.5587","0.5767","0.5767","0.5539","10.28M","-3.11%"
"09/16/2023","0.5767","0.5736","0.5819","0.5720","10.30M","0.53%"
"09/15/2023","0.5736","0.5667","0.5778","0.5598","12.63M","1.22%"
"09/14/2023","0.5667","0.5548","0.5705","0.5529","14.45M","2.16%"
"09/13/2023","0.5548","0.5470","0.5676","0.5429","18.32M","1.41%"
"09/12/2023","0.5470","0.5410","0.5681","0.5399","21.80M","1.11%"
"09/11/2023","0.5410","0.5639","0.5649","0.5284","19.35M","-4.05%"
"09/10/2023","0.5639","0.5836","0.5836","0.5549","15.51M","-3.39%"
"09/09/2023","0.5836","0.5848","0.5860","0.5788","4.93M","-0.21%"
"09/08/2023","0.5848","0.5867","0.5929","0.5729","9.35M","-0.32%"
"09/07/2023","0.5867","0.5809","0.5898","0.5729","9.29M","0.99%"
"09/06/2023","0.5809","0.5910","0.5930","0.5689","18.71M","-1.70%"
"09/05/2023","0.5910","0.5830","0.5920","0.5742","9.63M","1.37%"
"09/04/2023","0.5830","0.5809","0.5939","0.5729","11.30M","0.35%"
"09/03/2023","0.5809","0.5770","0.5931","0.5749","10.81M","0.69%"
"09/02/2023","0.5770","0.5809","0.5850","0.5691","9.42M","-0.68%"
"09/01/2023","0.5809","0.5870","0.5939","0.5740","10.59M","-1.05%"
"08/31/2023","0.5870","0.6281","0.6360","0.5839","18.86M","-6.54%"
"08/30/2023","0.6281","0.6210","0.6410","0.6130","25.13M","1.14%"
"08/29/2023","0.6210","0.5909","0.6308","0.5783","19.51M","5.10%"
"08/28/2023","0.5909","0.5931","0.5951","0.5759","13.16M","-0.38%"
"08/27/2023","0.5931","0.5839","0.5971","0.5801","11.22M","1.58%"
"08/26/2023","0.5839","0.5879","0.5897","0.5803","6.86M","-0.67%"
"08/25/2023","0.5878","0.5857","0.5888","0.5719","12.43M","0.36%"
"08/24/2023","0.5857","0.5931","0.5951","0.5751","12.49M","-1.22%"
"08/23/2023","0.5929","0.5768","0.6002","0.5753","14.65M","2.78%"
"08/22/2023","0.5768","0.5809","0.5830","0.5534","18.64M","-0.70%"
"08/21/2023","0.5809","0.5851","0.5864","0.5641","13.43M","-0.71%"
"08/20/2023","0.5851","0.5830","0.5939","0.5770","7.50M","0.37%"
"08/19/2023","0.5830","0.5741","0.5859","0.5691","9.40M","1.55%"
"08/18/2023","0.5741","0.5699","0.5859","0.5640","17.96M","0.89%"
"08/17/2023","0.5690","0.6319","0.6439","0.5242","33.61M","-9.95%"
"08/16/2023","0.6319","0.6800","0.6821","0.6198","18.96M","-7.07%"
"08/15/2023","0.6800","0.7188","0.7198","0.6619","14.90M","-5.40%"
"08/14/2023","0.7188","0.7201","0.7251","0.7150","6.37M","-0.20%"
"08/13/2023","0.7203","0.7270","0.7307","0.7182","5.52M","-0.93%"
"08/12/2023","0.7270","0.7152","0.7279","0.7142","5.38M","1.64%"
"08/11/2023","0.7152","0.7170","0.7199","0.7102","4.21M","-0.25%"
"08/10/2023","0.7170","0.7210","0.7240","0.7150","6.11M","-0.66%"
"08/09/2023","0.7218","0.7250","0.7291","0.7140","6.87M","-0.44%"
"08/08/2023","0.7250","0.7210","0.7310","0.7131","9.78M","0.57%"
"08/07/2023","0.7210","0.7300","0.7400","0.7024","9.72M","-1.23%"
"08/06/2023","0.7300","0.7279","0.7329","0.7219","5.27M","0.28%"
"08/05/2023","0.7279","0.7189","0.7309","0.7110","4.75M","1.25%"
"08/04/2023","0.7189","0.7169","0.7290","0.7130","6.48M","0.28%"
"08/03/2023","0.7169","0.7300","0.7349","0.7160","7.21M","-1.79%"
"08/02/2023","0.7300","0.7491","0.7551","0.7217","9.85M","-2.55%"
"08/01/2023","0.7491","0.7461","0.7518","0.7259","11.26M","0.39%"
"07/31/2023","0.7461","0.7531","0.7609","0.7379","6.19M","-0.92%"
"07/30/2023","0.7531","0.7561","0.7750","0.7390","13.41M","-0.40%"
"07/29/2023","0.7561","0.7497","0.7589","0.7452","4.51M","0.68%"
"07/28/2023","0.7510","0.7426","0.7548","0.7379","8.24M","1.14%"
"07/27/2023","0.7426","0.7433","0.7479","0.7337","9.95M","-0.10%"
"07/26/2023","0.7433","0.7412","0.7510","0.7281","13.07M","0.29%"
"07/25/2023","0.7412","0.7449","0.7490","0.7358","11.00M","-0.50%"
"07/24/2023","0.7449","0.7802","0.7838","0.7387","16.94M","-4.53%"
"07/23/2023","0.7802","0.7742","0.7910","0.7683","9.36M","0.78%"
"07/22/2023","0.7742","0.7841","0.7941","0.7650","14.58M","-1.27%"
"07/21/2023","0.7841","0.7652","0.7938","0.7601","19.55M","2.56%"
"07/20/2023","0.7645","0.7581","0.7922","0.7522","21.98M","0.83%"
"07/19/2023","0.7582","0.7561","0.7782","0.7491","17.51M","0.28%"
"07/18/2023","0.7561","0.7742","0.7802","0.7407","18.27M","-2.34%"
"07/17/2023","0.7742","0.7561","0.7899","0.7382","26.30M","2.39%"
"07/16/2023","0.7561","0.7721","0.7933","0.7477","19.10M","-2.07%"
"07/15/2023","0.7721","0.7720","0.8010","0.7582","24.67M","0.01%"
"07/14/2023","0.7721","0.8030","0.8330","0.7519","32.83M","-3.85%"
"07/13/2023","0.8029","0.7191","0.8051","0.7130","37.25M","11.66%"
"07/12/2023","0.7191","0.7320","0.7422","0.7129","16.08M","-1.76%"
"07/11/2023","0.7320","0.7251","0.7411","0.7170","12.69M","0.95%"
"07/10/2023","0.7251","0.7250","0.7479","0.7038","22.15M","0.02%"
"07/09/2023","0.7250","0.7249","0.7490","0.7210","15.63M","0.00%"
"07/08/2023","0.7249","0.7319","0.7331","0.7070","11.39M","-0.95%"
"07/07/2023","0.7319","0.7020","0.7380","0.6960","17.51M","4.26%"
"07/06/2023","0.7020","0.7221","0.7540","0.7000","23.16M","-2.79%"
"07/05/2023","0.7221","0.7421","0.7652","0.7080","23.17M","-2.69%"
"07/04/2023","0.7420","0.7680","0.7751","0.7351","17.67M","-3.39%"
"07/03/2023","0.7681","0.7640","0.7730","0.7520","16.76M","0.54%"
"07/02/2023","0.7640","0.7810","0.7872","0.7390","19.37M","-2.07%"
"07/01/2023","0.7801","0.7519","0.8024","0.7361","47.18M","3.75%"
"06/30/2023","0.7519","0.6771","0.7759","0.6720","63.43M","11.05%"
"06/29/2023","0.6771","0.6650","0.6900","0.6650","13.41M","1.82%"
"06/28/2023","0.6650","0.7211","0.7220","0.6544","20.00M","-7.78%"
"06/27/2023","0.7211","0.7170","0.7341","0.7097","11.32M","0.56%"
"06/26/2023","0.7170","0.7220","0.7681","0.6991","25.53M","-0.69%"
"06/25/2023","0.7220","0.7250","0.7500","0.7121","19.53M","-0.41%"
"06/24/2023","0.7250","0.7390","0.7600","0.6989","28.17M","-1.90%"
"06/23/2023","0.7390","0.6780","0.7521","0.6780","36.96M","8.99%"
"06/22/2023","0.6780","0.6810","0.7270","0.6721","34.47M","-0.44%"
"06/21/2023","0.6810","0.6381","0.6870","0.6370","37.16M","6.73%"
"06/20/2023","0.6381","0.6290","0.6431","0.6040","25.27M","1.45%"
"06/19/2023","0.6290","0.6261","0.6310","0.6180","16.41M","0.46%"
"06/18/2023","0.6261","0.6350","0.6391","0.6241","10.33M","-1.41%"
"06/17/2023","0.6350","0.6299","0.6430","0.6251","10.20M","0.81%"
"06/16/2023","0.6299","0.6401","0.6401","0.6051","18.45M","-1.59%"
"06/15/2023","0.6401","0.6371","0.6458","0.6229","14.67M","0.47%"
"06/14/2023","0.6371","0.6750","0.6829","0.6248","19.18M","-5.62%"
"06/13/2023","0.6750","0.6750","0.6922","0.6660","15.58M","0.00%"
"06/12/2023","0.6750","0.6841","0.6841","0.6569","16.28M","-1.34%"
"06/11/2023","0.6841","0.6970","0.6970","0.6742","23.06M","-1.85%"
"06/10/2023","0.6970","0.8960","0.8960","0.6127","110.70M","-22.21%"
"06/09/2023","0.8960","0.8909","0.9030","0.8848","9.86M","0.56%"
"06/08/2023","0.8909","0.8629","0.8979","0.8590","13.42M","3.24%"
"06/07/2023","0.8629","0.8909","0.8920","0.8470","14.72M","-3.04%"
"06/06/2023","0.8900","0.8399","0.8979","0.8310","13.45M","5.96%"
"06/05/2023","0.8399","0.9110","0.9210","0.8283","21.07M","-7.80%"
"06/04/2023","0.9110","0.9111","0.9269","0.9061","7.59M","-0.01%"
"06/03/2023","0.9111","0.9070","0.9181","0.9020","5.85M","0.45%"
"06/02/2023","0.9070","0.8829","0.9099","0.8760","9.34M","2.72%"
"06/01/2023","0.8829","0.8920","0.9001","0.8770","7.57M","-1.01%"
"05/31/2023","0.8920","0.9120","0.9129","0.8760","9.73M","-2.20%"
"05/30/2023","0.9120","0.8960","0.9240","0.8919","13.56M","1.79%"
"05/29/2023","0.8960","0.9110","0.9140","0.8911","10.17M","-1.65%"
"05/28/2023","0.9110","0.8830","0.9279","0.8801","14.55M","3.17%"
"05/27/2023","0.8830","0.8771","0.8850","0.8730","5.81M","0.68%"
"05/26/2023","0.8771","0.8430","0.8919","0.8392","13.29M","4.05%"
"05/25/2023","0.8430","0.8369","0.8479","0.8200","8.53M","0.72%"
"05/24/2023","0.8369","0.8610","0.8620","0.8250","11.69M","-2.79%"
"05/23/2023","0.8610","0.8509","0.8742","0.8490","12.53M","1.18%"
"05/22/2023","0.8509","0.8519","0.8609","0.8419","11.16M","-0.11%"
"05/21/2023","0.8519","0.8789","0.8809","0.8477","9.28M","-3.07%"
"05/20/2023","0.8789","0.8819","0.8850","0.8750","5.02M","-0.24%"
"05/19/2023","0.8810","0.8839","0.8919","0.8768","8.92M","-0.33%"
"05/18/2023","0.8839","0.9051","0.9089","0.8756","7.98M","-2.34%"
"05/17/2023","0.9051","0.8929","0.9111","0.8831","9.29M","1.36%"
"05/16/2023","0.8929","0.8790","0.8941","0.8721","9.04M","1.59%"
"05/15/2023","0.8790","0.8760","0.8939","0.8649","9.87M","0.34%"
"05/14/2023","0.8760","0.8719","0.8861","0.8690","7.35M","0.47%"
"05/13/2023","0.8719","0.8749","0.8770","0.8640","6.21M","-0.35%"
"05/12/2023","0.8749","0.8830","0.8870","0.8431","16.48M","-0.91%"
"05/11/2023","0.8830","0.9130","0.9130","0.8640","12.01M","-3.19%"
"05/10/2023","0.9121","0.9180","0.9340","0.8741","17.66M","-0.65%"
"05/09/2023","0.9180","0.9069","0.9291","0.9031","13.02M","1.23%"
"05/08/2023","0.9069","0.9689","0.9740","0.8791","19.69M","-6.48%"
"05/07/2023","0.9698","0.9830","0.9921","0.9633","6.63M","-1.34%"
"05/06/2023","0.9830","1.0168","1.0379","0.9741","16.44M","-3.33%"
"05/05/2023","1.0168","1.0050","1.0190","0.9790","9.99M","1.17%"
"05/04/2023","1.0050","1.0311","1.0340","0.9991","7.04M","-2.53%"
"05/03/2023","1.0311","1.0221","1.0380","0.9981","7.58M","0.88%"
"05/02/2023","1.0221","1.0081","1.0300","1.0060","5.53M","1.40%"
"05/01/2023","1.0081","1.0221","1.0280","0.9969","7.14M","-1.36%"
"04/30/2023","1.0220","1.0429","1.0491","1.0121","5.52M","-2.01%"
"04/29/2023","1.0429","1.0400","1.0500","1.0329","5.13M","0.28%"
"04/28/2023","1.0400","1.0310","1.0490","1.0180","6.62M","0.87%"
"04/27/2023","1.0310","1.0271","1.0491","1.0100","16.44M","0.38%"
"04/26/2023","1.0271","1.0600","1.0870","0.9812","18.11M","-3.11%"
"04/25/2023","1.0600","1.0490","1.0620","1.0230","10.09M","1.06%"
"04/24/2023","1.0489","1.0560","1.0730","1.0230","10.63M","-0.58%"
"04/23/2023","1.0550","1.0730","1.0730","1.0350","8.71M","-1.68%"
"04/22/2023","1.0730","1.0431","1.0770","1.0399","7.05M","2.78%"
"04/21/2023","1.0440","1.0779","1.0920","1.0291","14.78M","-3.15%"
"04/20/2023","1.0779","1.1001","1.1141","1.0551","16.20M","-2.01%"
"04/19/2023","1.1001","1.2189","1.2190","1.0821","20.91M","-9.68%"
"04/18/2023","1.2180","1.2060","1.2300","1.1920","8.47M","0.99%"
"04/17/2023","1.2060","1.2371","1.2400","1.2000","9.94M","-2.51%"
"04/16/2023","1.2371","1.2420","1.2521","1.2251","8.30M","-0.40%"
"04/15/2023","1.2420","1.2500","1.2500","1.2311","9.20M","-0.64%"
"04/14/2023","1.2500","1.2580","1.2950","1.2129","27.63M","-0.63%"
"04/13/2023","1.2580","1.2070","1.2740","1.1999","19.07M","4.22%"
"04/12/2023","1.2070","1.2330","1.2379","1.1921","12.86M","-2.11%"
"04/11/2023","1.2330","1.2380","1.2520","1.2291","11.46M","-0.40%"
"04/10/2023","1.2380","1.2089","1.2460","1.1911","10.02M","2.41%"
"04/09/2023","1.2089","1.1900","1.2169","1.1741","8.16M","1.58%"
"04/08/2023","1.1900","1.2150","1.2350","1.1880","9.68M","-2.06%"
"04/07/2023","1.2150","1.2180","1.2210","1.1901","10.35M","-0.24%"
"04/06/2023","1.2180","1.1890","1.2489","1.1719","20.77M","2.44%"
"04/05/2023","1.1890","1.1931","1.2170","1.1689","10.73M","-0.34%"
"04/04/2023","1.1930","1.1750","1.2021","1.1661","11.66M","1.53%"
"04/03/2023","1.1750","1.2298","1.2419","1.1431","21.10M","-4.46%"
"04/02/2023","1.2298","1.1931","1.2349","1.1871","14.79M","3.08%"
"04/01/2023","1.1931","1.1951","1.2040","1.1729","10.26M","-0.16%"
"03/31/2023","1.1951","1.1899","1.2131","1.1619","13.73M","0.43%"
"03/30/2023","1.1899","1.1491","1.2171","1.1390","27.18M","3.56%"
"03/29/2023","1.1491","1.1131","1.1530","1.1081","14.40M","3.23%"
"03/28/2023","1.1131","1.0850","1.1200","1.0711","18.42M","2.59%"
"03/27/2023","1.0850","1.1399","1.1558","1.0660","20.35M","-4.82%"
"03/26/2023","1.1399","1.1160","1.1529","1.1089","9.64M","2.15%"
"03/25/2023","1.1160","1.1650","1.1791","1.0968","15.94M","-4.20%"
"03/24/2023","1.1649","1.1609","1.1987","1.1350","22.01M","0.34%"
"03/23/2023","1.1609","1.0939","1.1650","1.0871","15.94M","6.13%"
"03/22/2023","1.0939","1.1851","1.1880","1.0678","25.48M","-7.76%"
"03/21/2023","1.1859","1.1540","1.1951","1.1268","26.37M","2.77%"
"03/20/2023","1.1540","1.1541","1.2289","1.1241","44.94M","-0.01%"
"03/19/2023","1.1541","1.0979","1.1770","1.0979","25.98M","5.12%"
"03/18/2023","1.0979","1.1479","1.1649","1.0921","23.02M","-4.36%"
"03/17/2023","1.1479","1.0791","1.1491","1.0678","22.66M","6.30%"
"03/16/2023","1.0799","1.0391","1.0848","1.0298","20.90M","3.93%"
"03/15/2023","1.0391","1.1072","1.1451","1.0181","26.34M","-6.15%"
"03/14/2023","1.1072","1.0798","1.1400","1.0489","26.42M","2.53%"
"03/13/2023","1.0798","1.0490","1.0929","1.0080","28.03M","2.94%"
"03/12/2023","1.0490","0.9932","1.0499","0.9567","20.18M","5.61%"
"03/11/2023","0.9933","1.0431","1.0747","0.9612","23.81M","-4.78%"
"03/10/2023","1.0431","1.0575","1.0575","1.0000","26.81M","-1.37%"
"03/09/2023","1.0575","1.1190","1.1810","1.0341","27.09M","-5.50%"
"03/08/2023","1.1190","1.1811","1.1849","1.1110","14.58M","-5.25%"
"03/07/2023","1.1811","1.2120","1.2200","1.1539","15.11M","-2.48%"
"03/06/2023","1.2110","1.2249","1.2409","1.1999","18.04M","-1.13%"
"03/05/2023","1.2249","1.2241","1.2519","1.1999","21.34M","0.07%"
"03/04/2023","1.2241","1.3230","1.3301","1.1999","37.19M","-7.74%"
"03/03/2023","1.3268","1.2420","1.3371","1.1429","54.56M","6.83%"
"03/02/2023","1.2420","1.2080","1.2460","1.1690","23.72M","2.81%"
"03/01/2023","1.2080","1.1460","1.2130","1.1340","13.61M","5.41%"
"02/28/2023","1.1460","1.1250","1.2010","1.1231","20.50M","1.86%"
"02/27/2023","1.1250","1.1260","1.1493","1.1062","8.06M","0.00%"
"02/26/2023","1.1250","1.1080","1.1309","1.1020","6.48M","1.53%"
"02/25/2023","1.1080","1.1180","1.1230","1.0780","10.05M","-0.89%"
"02/24/2023","1.1180","1.1800","1.1930","1.0980","15.43M","-5.25%"
"02/23/2023","1.1800","1.2090","1.2269","1.1651","11.48M","-2.40%"
"02/22/2023","1.2090","1.2210","1.2240","1.1770","15.07M","-0.99%"
"02/21/2023","1.2210","1.2721","1.2970","1.2010","17.92M","-4.02%"
"02/20/2023","1.2721","1.2300","1.2780","1.1981","19.17M","3.43%"
"02/19/2023","1.2300","1.2360","1.3100","1.2150","34.69M","-0.49%"
"02/18/2023","1.2360","1.1920","1.2789","1.1900","43.88M","3.69%"
"02/17/2023","1.1920","1.0450","1.2210","1.0390","43.38M","14.07%"
"02/16/2023","1.0450","1.0990","1.1260","1.0430","18.36M","-4.91%"
"02/15/2023","1.0990","1.0471","1.1000","1.0371","10.37M","4.96%"
"02/14/2023","1.0471","1.0300","1.0500","1.0150","8.36M","1.66%"
"02/13/2023","1.0300","1.0411","1.0449","1.0040","11.68M","-1.07%"
"02/12/2023","1.0411","1.0570","1.0680","1.0271","5.74M","-1.51%"
"02/11/2023","1.0570","1.0520","1.0580","1.0419","5.78M","0.48%"
"02/10/2023","1.0520","1.0450","1.0670","1.0310","15.25M","0.67%"
"02/09/2023","1.0450","1.0830","1.1501","1.0380","29.91M","-3.51%"
"02/08/2023","1.0830","1.1120","1.1220","1.0700","9.95M","-2.61%"
"02/07/2023","1.1120","1.0590","1.1170","1.0560","11.87M","5.01%"
"02/06/2023","1.0590","1.0820","1.0940","1.0530","8.80M","-2.13%"
"02/05/2023","1.0820","1.1061","1.1260","1.0650","13.91M","-2.18%"
"02/04/2023","1.1061","1.0960","1.1310","1.0840","8.58M","0.92%"
"02/03/2023","1.0960","1.0691","1.1040","1.0630","10.85M","2.52%"
"02/02/2023","1.0690","1.0770","1.1180","1.0640","14.52M","-0.74%"
"02/01/2023","1.0770","1.0630","1.0840","1.0142","16.17M","1.31%"
"01/31/2023","1.0630","1.0480","1.0830","1.0430","8.21M","1.43%"
"01/30/2023","1.0480","1.1150","1.1410","1.0320","13.76M","-6.01%"
"01/29/2023","1.1150","1.0940","1.1189","1.0850","7.08M","1.92%"
"01/28/2023","1.0940","1.1120","1.1220","1.0739","6.68M","-1.62%"
"01/27/2023","1.1120","1.0890","1.1250","1.0760","11.28M","2.11%"
"01/26/2023","1.0890","1.0900","1.1080","1.0698","9.51M","-0.27%"
"01/25/2023","1.0919","1.0370","1.1191","1.0141","18.32M","5.20%"
"01/24/2023","1.0379","1.0950","1.1120","1.0279","8.32M","-5.21%"
"01/23/2023","1.0950","1.0820","1.1120","1.0659","9.74M","1.20%"
"01/22/2023","1.0820","1.0290","1.1289","1.0240","15.24M","5.15%"
"01/21/2023","1.0290","1.0460","1.0619","1.0250","8.91M","-1.71%"
"01/20/2023","1.0469","0.9809","1.0490","0.9678","6.40M","6.73%"
"01/19/2023","0.9809","0.9589","0.9819","0.9569","5.16M","2.29%"
"01/18/2023","0.9589","1.0220","1.0430","0.9501","15.33M","-6.17%"
"01/17/2023","1.0220","1.0360","1.0490","1.0190","7.53M","-1.35%"
"01/16/2023","1.0360","1.0630","1.0790","1.0130","9.86M","-2.54%"
"01/15/2023","1.0630","1.0520","1.0939","1.0290","11.50M","1.04%"
"01/14/2023","1.0520","1.0110","1.0820","1.0069","19.28M","4.06%"
"01/13/2023","1.0110","0.9901","1.0169","0.9679","7.63M","2.11%"
"01/12/2023","0.9901","0.9780","0.9981","0.9446","14.88M","1.24%"
"01/11/2023","0.9780","0.9471","0.9839","0.9333","10.92M","3.25%"
"01/10/2023","0.9471","0.9352","0.9540","0.9262","7.56M","1.28%"
"01/09/2023","0.9352","0.9109","0.9489","0.9100","12.17M","2.66%"
"01/08/2023","0.9109","0.8909","0.9111","0.8820","5.11M","2.25%"
"01/07/2023","0.8909","0.8950","0.9009","0.8830","4.24M","-0.46%"
"01/06/2023","0.8950","0.8911","0.8989","0.8710","5.01M","0.43%"
"01/05/2023","0.8911","0.9073","0.9106","0.8861","4.48M","-1.78%"
"01/04/2023","0.9073","0.8801","0.9150","0.8770","7.74M","3.09%"
"01/03/2023","0.8801","0.8812","0.8877","0.8700","5.94M","-0.12%"
"01/02/2023","0.8812","0.8790","0.8941","0.8669","6.46M","0.25%"
"01/01/2023","0.8790","0.8619","0.8828","0.8559","3.33M","1.99%"
"12/31/2022","0.8619","0.8630","0.8706","0.8586","2.61M","-0.13%"
"12/30/2022","0.8630","0.8651","0.8678","0.8468","6.42M","-0.24%"
"12/29/2022","0.8651","0.8709","0.8768","0.8520","8.11M","-0.66%"
"12/28/2022","0.8709","0.8961","0.8972","0.8681","12.88M","-2.81%"
"12/27/2022","0.8961","0.8879","0.9017","0.8809","7.89M","0.91%"
"12/26/2022","0.8880","0.8779","0.8890","0.8710","5.29M","1.15%"
"12/25/2022","0.8779","0.8810","0.8820","0.8591","6.54M","-0.35%"
"12/24/2022","0.8810","0.8851","0.8920","0.8760","6.52M","-0.47%"
"12/23/2022","0.8851","0.8871","0.8938","0.8801","4.78M","-0.22%"
"12/22/2022","0.8871","0.8890","0.8921","0.8592","7.44M","-0.21%"
"12/21/2022","0.8890","0.8900","0.8990","0.8731","7.95M","-0.12%"
"12/20/2022","0.8900","0.8472","0.8939","0.8440","11.25M","5.06%"
"12/19/2022","0.8472","0.8820","0.8950","0.8348","28.17M","-3.95%"
"12/18/2022","0.8820","0.8911","0.8958","0.8780","3.50M","-1.01%"
"12/17/2022","0.8910","0.8730","0.8929","0.8590","7.13M","2.06%"
"12/16/2022","0.8730","0.9550","0.9630","0.8630","15.16M","-8.58%"
"12/15/2022","0.9550","0.9771","0.9819","0.9470","6.85M","-2.25%"
"12/14/2022","0.9770","1.0010","1.0090","0.9691","8.92M","-2.39%"
"12/13/2022","1.0010","0.9810","1.0141","0.9500","13.33M","2.04%"
"12/12/2022","0.9810","1.0030","1.0050","0.9650","15.99M","-2.29%"
"12/11/2022","1.0040","1.0339","1.0500","0.9951","11.51M","-2.89%"
"12/10/2022","1.0339","1.0319","1.0539","1.0249","11.04M","0.19%"
"12/09/2022","1.0319","0.9950","1.0591","0.9940","22.60M","3.71%"
"12/08/2022","0.9950","0.9891","1.0040","0.9710","14.40M","0.60%"
"12/07/2022","0.9891","0.9580","1.0151","0.9199","24.35M","3.24%"
"12/06/2022","0.9580","0.9320","0.9731","0.9270","11.25M","2.79%"
"12/05/2022","0.9320","0.9310","0.9550","0.9180","8.69M","0.11%"
"12/04/2022","0.9310","0.9220","0.9330","0.9200","6.58M","0.97%"
"12/03/2022","0.9220","0.9420","0.9470","0.9160","4.97M","-2.12%"
"12/02/2022","0.9420","0.9300","0.9470","0.9200","6.64M","1.29%"
"12/01/2022","0.9300","0.9500","0.9520","0.9231","6.75M","-2.10%"
"11/30/2022","0.9500","0.9180","0.9540","0.9170","7.15M","3.49%"
"11/29/2022","0.9180","0.9030","0.9220","0.8990","4.98M","1.65%"
"11/28/2022","0.9030","0.9291","0.9350","0.8841","8.92M","-2.80%"
"11/27/2022","0.9291","0.9330","0.9600","0.9240","9.99M","-0.42%"
"11/26/2022","0.9330","0.9330","0.9469","0.9179","8.76M","0.00%"
"11/25/2022","0.9330","0.9119","0.9736","0.8920","22.35M","2.31%"
"11/24/2022","0.9119","0.9110","0.9200","0.8950","6.74M","0.11%"
"11/23/2022","0.9110","0.8790","0.9208","0.8719","9.51M","3.64%"
"11/22/2022","0.8790","0.8489","0.8799","0.8350","7.78M","3.53%"
"11/21/2022","0.8490","0.8720","0.8800","0.8280","8.64M","-2.64%"
"11/20/2022","0.8720","0.9030","0.9150","0.8628","5.29M","-3.44%"
"11/19/2022","0.9030","0.9041","0.9079","0.8970","4.70M","0.67%"
"11/18/2022","0.8970","0.9020","0.9189","0.8880","4.59M","-0.44%"
"11/17/2022","0.9009","0.8980","0.9079","0.8830","7.30M","0.33%"
"11/16/2022","0.8980","0.9260","0.9440","0.8950","8.26M","-3.02%"
"11/15/2022","0.9260","0.9150","0.9499","0.9071","10.74M","1.21%"
"11/14/2022","0.9150","0.8832","0.9220","0.8313","15.14M","3.60%"
"11/13/2022","0.8832","0.8929","0.9130","0.8658","10.30M","-1.09%"
"11/12/2022","0.8929","0.9349","0.9371","0.8811","11.62M","-4.50%"
"11/11/2022","0.9349","0.9373","0.9480","0.8772","14.86M","-0.25%"
"11/10/2022","0.9372","0.8215","0.9593","0.8084","31.37M","14.08%"
"11/09/2022","0.8215","0.9640","0.9697","0.7961","38.80M","-14.78%"
"11/08/2022","0.9640","1.1339","1.1529","0.8486","61.51M","-14.99%"
"11/07/2022","1.1339","1.1138","1.1428","1.1039","9.84M","1.79%"
"11/06/2022","1.1140","1.1672","1.1731","1.1092","11.43M","-4.53%"
"11/05/2022","1.1669","1.1970","1.2171","1.1549","17.64M","-2.51%"
"11/04/2022","1.1970","1.1489","1.1989","1.1380","16.11M","4.18%"
"11/03/2022","1.1490","1.1188","1.1652","1.1149","12.71M","2.70%"
"11/02/2022","1.1188","1.1420","1.1782","1.0997","17.20M","-2.03%"
"11/01/2022","1.1420","1.1499","1.1792","1.1390","11.04M","-0.68%"
"10/31/2022","1.1499","1.1100","1.1551","1.1020","15.08M","3.59%"
"10/30/2022","1.1100","1.1369","1.1548","1.0890","11.65M","-2.37%"
"10/29/2022","1.1369","1.1368","1.1639","1.1260","14.45M","0.00%"
"10/28/2022","1.1368","1.1250","1.1631","1.1229","21.60M","1.06%"
"10/27/2022","1.1250","1.1279","1.1530","1.1140","13.44M","-0.26%"
"10/26/2022","1.1279","1.0991","1.1350","1.0991","14.04M","2.62%"
"10/25/2022","1.0991","1.0671","1.1281","1.0530","12.47M","3.00%"
"10/24/2022","1.0671","1.0949","1.0971","1.0589","8.72M","-2.54%"
"10/23/2022","1.0949","1.0668","1.0989","1.0649","12.73M","2.63%"
"10/22/2022","1.0668","1.0699","1.0790","1.0470","8.71M","-0.29%"
"10/21/2022","1.0699","1.0429","1.0798","1.0071","17.61M","2.58%"
"10/20/2022","1.0430","1.0026","1.0908","0.9999","19.33M","4.05%"
"10/19/2022","1.0024","1.0498","1.0548","0.9979","10.12M","-4.51%"
"10/18/2022","1.0498","1.0642","1.0787","1.0262","9.53M","-1.35%"
"10/17/2022","1.0642","1.0509","1.0681","1.0390","5.51M","1.26%"
"10/16/2022","1.0509","1.0512","1.0748","1.0371","7.57M","-0.02%"
"10/15/2022","1.0511","1.0079","1.0730","1.0048","13.35M","4.28%"
"10/14/2022","1.0080","1.0150","1.0471","0.9939","11.46M","-0.69%"
"10/13/2022","1.0150","1.0389","1.0427","0.9452","26.97M","-2.24%"
"10/12/2022","1.0382","1.0431","1.0549","1.0270","6.27M","-0.47%"
"10/11/2022","1.0431","1.0342","1.0618","1.0112","12.17M","0.86%"
"10/10/2022","1.0342","1.1200","1.1320","1.0310","23.51M","-7.66%"
"10/09/2022","1.1200","1.1112","1.1348","1.1091","5.81M","0.80%"
"10/08/2022","1.1111","1.1210","1.1321","1.0989","5.96M","-0.89%"
"10/07/2022","1.1210","1.1550","1.1660","1.1050","12.53M","-2.94%"
"10/06/2022","1.1550","1.1750","1.1909","1.1530","9.01M","-1.70%"
"10/05/2022","1.1750","1.1999","1.2029","1.1570","9.39M","-2.08%"
"10/04/2022","1.1999","1.1862","1.2079","1.1741","9.45M","1.09%"
"10/03/2022","1.1870","1.1590","1.1930","1.1530","9.79M","2.41%"
"10/02/2022","1.1590","1.2239","1.2251","1.1532","10.23M","-5.30%"
"10/01/2022","1.2239","1.1829","1.2307","1.1810","12.57M","3.46%"
"09/30/2022","1.1829","1.2048","1.2261","1.1682","21.94M","-1.82%"
"09/29/2022","1.2048","1.1472","1.2287","1.1449","27.80M","5.03%"
"09/28/2022","1.1472","1.1541","1.1660","1.1040","12.94M","-0.60%"
"09/27/2022","1.1541","1.1821","1.2267","1.1390","18.07M","-2.37%"
"09/26/2022","1.1821","1.1659","1.1909","1.1370","16.71M","1.40%"
"09/25/2022","1.1659","1.1989","1.2171","1.1451","11.55M","-2.76%"
"09/24/2022","1.1989","1.2288","1.2450","1.1899","19.13M","-2.44%"
"09/23/2022","1.2288","1.2380","1.2579","1.1712","22.83M","-0.74%"
"09/22/2022","1.2380","1.1819","1.2509","1.1701","19.59M","4.74%"
"09/21/2022","1.1819","1.3382","1.3620","1.1617","38.60M","-11.68%"
"09/20/2022","1.3382","1.2971","1.3793","1.2450","31.27M","3.17%"
"09/19/2022","1.2971","1.2730","1.3128","1.2141","26.93M","1.90%"
"09/18/2022","1.2729","1.4710","1.4723","1.2455","23.80M","-13.47%"
"09/17/2022","1.4711","1.4230","1.4891","1.4183","11.05M","3.38%"
"09/16/2022","1.4230","1.3810","1.4534","1.3809","21.30M","3.04%"
"09/15/2022","1.3810","1.4740","1.4811","1.3661","25.52M","-6.31%"
"09/14/2022","1.4741","1.4709","1.5048","1.4179","25.86M","0.16%"
"09/13/2022","1.4717","1.6589","1.6960","1.4658","30.37M","-11.29%"
"09/12/2022","1.6589","1.7130","1.7710","1.6339","21.44M","-3.11%"
"09/11/2022","1.7121","1.7481","1.8291","1.6680","27.25M","-2.06%"
"09/10/2022","1.7481","1.6621","1.8633","1.6371","43.66M","5.19%"
"09/09/2022","1.6619","1.6021","1.7453","1.5734","28.87M","3.74%"
"09/08/2022","1.6020","1.6651","1.7221","1.5908","35.15M","-3.78%"
"09/07/2022","1.6649","1.3950","1.6898","1.3646","41.09M","19.36%"
"09/06/2022","1.3949","1.5678","1.5871","1.3808","22.95M","-11.08%"
"09/05/2022","1.5687","1.4917","1.5913","1.4220","17.19M","5.16%"
"09/04/2022","1.4917","1.5163","1.5458","1.4687","9.81M","-1.67%"
"09/03/2022","1.5171","1.5470","1.5959","1.5099","19.59M","-1.93%"
"09/02/2022","1.5471","1.4790","1.5841","1.4782","35.08M","4.60%"
"09/01/2022","1.4790","1.3730","1.4929","1.3448","26.72M","7.72%"
"08/31/2022","1.3730","1.3920","1.4448","1.3652","15.09M","-1.36%"
"08/30/2022","1.3920","1.4935","1.5170","1.3527","19.60M","-6.80%"
"08/29/2022","1.4935","1.4261","1.5024","1.4051","16.46M","4.74%"
"08/28/2022","1.4259","1.5383","1.5678","1.4189","19.23M","-7.31%"
"08/27/2022","1.5383","1.5489","1.5579","1.4756","25.54M","-0.68%"
"08/26/2022","1.5489","1.7311","1.7710","1.5250","43.68M","-10.53%"
"08/25/2022","1.7311","1.7729","1.7869","1.6600","33.59M","-2.36%"
"08/24/2022","1.7729","1.8060","1.8119","1.6810","38.83M","-1.83%"
"08/23/2022","1.8060","1.8389","1.8877","1.7111","70.23M","-1.79%"
"08/22/2022","1.8389","1.5698","1.9259","1.4730","96.97M","17.15%"
"08/21/2022","1.5697","1.4111","1.5838","1.3780","50.04M","11.24%"
"08/20/2022","1.4111","1.2729","1.4219","1.2698","32.39M","10.86%"
"08/19/2022","1.2729","1.4824","1.4880","1.2591","52.37M","-14.11%"
"08/18/2022","1.4820","1.4802","1.5583","1.4140","47.69M","0.12%"
"08/17/2022","1.4802","1.3820","1.6583","1.3740","107.47M","7.11%"
"08/16/2022","1.3819","1.2728","1.3819","1.2450","19.58M","8.57%"
"08/15/2022","1.2728","1.3059","1.3542","1.2516","13.10M","-2.53%"
"08/14/2022","1.3059","1.3500","1.3800","1.2920","11.42M","-3.32%"
"08/13/2022","1.3508","1.3281","1.4049","1.3212","12.09M","1.70%"
"08/12/2022","1.3281","1.3129","1.3300","1.2689","10.83M","1.16%"
"08/11/2022","1.3129","1.2761","1.3351","1.2760","17.43M","2.88%"
"08/10/2022","1.2761","1.1780","1.2910","1.1507","18.50M","8.33%"
"08/09/2022","1.1780","1.2512","1.2580","1.1587","15.18M","-5.85%"
"08/08/2022","1.2512","1.2290","1.2858","1.2281","12.26M","1.81%"
"08/07/2022","1.2290","1.2251","1.2520","1.2019","8.62M","0.31%"
"08/06/2022","1.2251","1.2581","1.2701","1.2229","8.73M","-2.62%"
"08/05/2022","1.2581","1.1878","1.2657","1.1870","14.80M","5.92%"
"08/04/2022","1.1878","1.1740","1.2079","1.1600","14.62M","1.18%"
"08/03/2022","1.1740","1.1880","1.2320","1.1518","17.44M","-1.18%"
"08/02/2022","1.1880","1.2561","1.2672","1.1608","32.75M","-5.42%"
"08/01/2022","1.2561","1.3310","1.3651","1.2318","20.35M","-5.63%"
"07/31/2022","1.3310","1.3064","1.4470","1.2789","29.03M","1.88%"
"07/30/2022","1.3064","1.2998","1.3840","1.2671","18.24M","0.51%"
"07/29/2022","1.2998","1.3149","1.3261","1.2502","21.32M","-1.15%"
"07/28/2022","1.3149","1.2553","1.3533","1.2328","32.97M","4.74%"
"07/27/2022","1.2553","1.1117","1.2589","1.0902","23.45M","12.92%"
"07/26/2022","1.1117","1.1042","1.1124","1.0667","16.66M","0.68%"
"07/25/2022","1.1042","1.2032","1.2059","1.1042","18.94M","-8.35%"
"07/24/2022","1.2048","1.1640","1.2594","1.1620","32.36M","3.50%"
"07/23/2022","1.1641","1.1736","1.1998","1.1279","25.56M","-0.81%"
"07/22/2022","1.1736","1.0529","1.2003","1.0391","43.46M","11.47%"
"07/21/2022","1.0529","1.0402","1.0569","1.0042","14.47M","1.22%"
"07/20/2022","1.0402","1.0778","1.1020","1.0280","25.59M","-3.49%"
"07/19/2022","1.0778","1.0568","1.0930","1.0248","22.23M","1.94%"
"07/18/2022","1.0572","0.9842","1.0689","0.9830","20.97M","7.45%"
"07/17/2022","0.9840","1.0081","1.0239","0.9788","13.32M","-2.39%"
"07/16/2022","1.0081","0.9751","1.0142","0.9521","12.41M","3.39%"
"07/15/2022","0.9750","0.9712","0.9930","0.9592","11.83M","0.40%"
"07/14/2022","0.9712","0.9502","0.9765","0.9153","15.08M","2.20%"
"07/13/2022","0.9502","0.9171","0.9557","0.8894","14.33M","3.71%"
"07/12/2022","0.9162","0.9401","0.9498","0.9160","8.79M","-2.54%"
"07/11/2022","0.9401","1.0032","1.0050","0.9350","8.36M","-6.26%"
"07/10/2022","1.0028","1.0382","1.0389","0.9970","6.12M","-3.41%"
"07/09/2022","1.0382","1.0138","1.0481","1.0128","6.02M","2.40%"
"07/08/2022","1.0138","1.0317","1.0688","1.0042","13.08M","-1.74%"
"07/07/2022","1.0318","0.9991","1.0379","0.9891","8.28M","3.27%"
"07/06/2022","0.9991","0.9720","1.0099","0.9613","11.98M","2.79%"
"07/05/2022","0.9720","0.9860","1.0012","0.9324","17.06M","-1.42%"
"07/04/2022","0.9860","0.9434","0.9881","0.9199","10.79M","4.51%"
"07/03/2022","0.9434","0.9372","0.9490","0.9136","8.16M","0.66%"
"07/02/2022","0.9372","0.9103","0.9454","0.9002","8.43M","2.96%"
"07/01/2022","0.9103","0.9250","0.9500","0.8910","13.87M","-1.59%"
"06/30/2022","0.9250","0.9360","0.9389","0.8719","14.16M","-1.18%"
"06/29/2022","0.9360","0.9442","0.9568","0.9222","12.15M","-0.86%"
"06/28/2022","0.9442","0.9830","1.0040","0.9419","13.35M","-3.95%"
"06/27/2022","0.9830","0.9900","1.0278","0.9718","14.11M","-0.71%"
"06/26/2022","0.9900","1.0071","1.0378","0.9879","12.28M","-1.70%"
"06/25/2022","1.0071","1.0041","1.0250","0.9709","8.93M","0.29%"
"06/24/2022","1.0041","0.9730","1.0190","0.9730","15.87M","3.20%"
"06/23/2022","0.9730","0.9252","0.9767","0.9222","14.04M","5.18%"
"06/22/2022","0.9251","0.9639","0.9640","0.9199","16.02M","-4.02%"
"06/21/2022","0.9639","0.9613","1.0049","0.9465","16.51M","0.26%"
"06/20/2022","0.9613","0.9670","0.9853","0.9246","16.01M","-0.59%"
"06/19/2022","0.9670","0.8872","0.9762","0.8609","20.03M","8.81%"
"06/18/2022","0.8887","0.9380","0.9499","0.8159","30.49M","-5.26%"
"06/17/2022","0.9380","0.9110","0.9631","0.9042","16.48M","2.98%"
"06/16/2022","0.9108","1.0082","1.0223","0.9019","22.90M","-9.66%"
"06/15/2022","1.0082","0.9430","1.0142","0.8556","39.99M","6.91%"
"06/14/2022","0.9430","0.9179","0.9601","0.8531","35.01M","2.73%"
"06/13/2022","0.9180","1.0301","1.0440","0.8811","56.09M","-11.02%"
"06/12/2022","1.0316","1.1173","1.1261","1.0316","24.13M","-7.64%"
"06/11/2022","1.1170","1.1840","1.2141","1.1023","17.11M","-5.66%"
"06/10/2022","1.1840","1.2400","1.2519","1.1683","14.72M","-4.52%"
"06/09/2022","1.2400","1.2540","1.2761","1.2332","10.14M","-1.12%"
"06/08/2022","1.2540","1.2850","1.3060","1.2429","12.90M","-2.41%"
"06/07/2022","1.2850","1.3030","1.3240","1.2216","15.64M","-1.39%"
"06/06/2022","1.3030","1.2707","1.3332","1.2641","12.04M","2.55%"
"06/05/2022","1.2707","1.2852","1.2939","1.2579","6.79M","-1.13%"
"06/04/2022","1.2852","1.2649","1.2944","1.2428","8.86M","1.60%"
"06/03/2022","1.2649","1.2931","1.3010","1.2349","10.37M","-2.18%"
"06/02/2022","1.2930","1.2658","1.2990","1.2470","13.46M","2.28%"
"06/01/2022","1.2642","1.3800","1.4052","1.2457","24.28M","-8.40%"
"05/31/2022","1.3800","1.3871","1.3989","1.3309","20.32M","-0.51%"
"05/30/2022","1.3871","1.2939","1.4002","1.2830","16.87M","7.20%"
"05/29/2022","1.2939","1.2561","1.2949","1.2310","10.62M","3.01%"
"05/28/2022","1.2561","1.2131","1.2632","1.2070","12.43M","3.54%"
"05/27/2022","1.2131","1.2380","1.2599","1.1909","25.06M","-2.01%"
"05/26/2022","1.2381","1.3247","1.3409","1.1956","28.47M","-6.56%"
"05/25/2022","1.3250","1.3442","1.3712","1.3062","15.93M","-1.49%"
"05/24/2022","1.3451","1.3078","1.3566","1.2748","18.44M","2.99%"
"05/23/2022","1.3061","1.3566","1.4300","1.2938","22.51M","-3.75%"
"05/22/2022","1.3569","1.3061","1.3691","1.2948","14.55M","3.88%"
"05/21/2022","1.3061","1.2739","1.3240","1.2489","12.05M","2.52%"
"05/20/2022","1.2740","1.3188","1.3469","1.2472","16.58M","-3.39%"
"05/19/2022","1.3188","1.2660","1.3360","1.2292","20.26M","4.17%"
"05/18/2022","1.2660","1.3771","1.3900","1.2622","15.90M","-8.07%"
"05/17/2022","1.3771","1.3171","1.3939","1.3139","17.37M","4.56%"
"05/16/2022","1.3170","1.4061","1.4070","1.2817","23.62M","-6.33%"
"05/15/2022","1.4061","1.3511","1.4090","1.3110","18.19M","4.07%"
"05/14/2022","1.3511","1.3400","1.3800","1.2523","21.96M","0.84%"
"05/13/2022","1.3398","1.2712","1.4567","1.2609","35.93M","5.40%"
"05/12/2022","1.2712","1.4025","1.4527","1.1156","89.14M","-9.36%"
"05/11/2022","1.4025","1.7171","1.7350","1.3430","74.09M","-18.32%"
"05/10/2022","1.7171","1.5721","1.8140","1.5721","60.68M","9.22%"
"05/09/2022","1.5721","1.9493","1.9752","1.5303","51.22M","-19.34%"
"05/08/2022","1.9491","1.9772","1.9911","1.9322","15.39M","-1.42%"
"05/07/2022","1.9772","2.0239","2.0490","1.9338","14.68M","-2.32%"
"05/06/2022","2.0241","2.0177","2.0461","1.9427","20.40M","0.32%"
"05/05/2022","2.0177","2.2327","2.2497","1.9958","27.66M","-9.63%"
"05/04/2022","2.2327","2.0531","2.2340","2.0460","19.46M","8.75%"
"05/03/2022","2.0531","2.0968","2.1230","2.0207","12.62M","-2.08%"
"05/02/2022","2.0968","2.1090","2.1493","2.0347","18.53M","-0.58%"
"05/01/2022","2.1090","2.0130","2.1111","1.9994","17.36M","4.77%"
"04/30/2022","2.0130","2.2722","2.2884","1.9200","23.16M","-11.40%"
"04/29/2022","2.2720","2.3141","2.3780","2.2319","25.97M","-1.82%"
"04/28/2022","2.3141","2.2532","2.3538","2.2440","20.47M","2.70%"
"04/27/2022","2.2532","2.1851","2.2789","2.1602","15.16M","3.04%"
"04/26/2022","2.1868","2.3779","2.4420","2.1522","23.03M","-8.00%"
"04/25/2022","2.3770","2.3500","2.3949","2.2174","21.63M","1.15%"
"04/24/2022","2.3500","2.4040","2.4472","2.3449","12.03M","-2.24%"
"04/23/2022","2.4039","2.4555","2.4878","2.3831","14.19M","-2.10%"
"04/22/2022","2.4555","2.5059","2.5533","2.4468","45.03M","-2.03%"
"04/21/2022","2.5063","2.7630","2.8501","2.4573","45.31M","-9.29%"
"04/20/2022","2.7630","2.6460","2.8728","2.5278","65.90M","4.42%"
"04/19/2022","2.6460","2.4441","2.6804","2.4191","30.43M","8.26%"
"04/18/2022","2.4441","2.4177","2.4589","2.3081","28.67M","1.12%"
"04/17/2022","2.4170","2.6080","2.6683","2.3943","34.20M","-7.33%"
"04/16/2022","2.6080","2.4254","2.6359","2.4050","26.65M","7.53%"
"04/15/2022","2.4254","2.3071","2.4392","2.2938","20.21M","5.13%"
"04/14/2022","2.3071","2.3593","2.3699","2.2427","15.31M","-2.21%"
"04/13/2022","2.3593","2.2438","2.3618","2.2109","17.23M","5.27%"
"04/12/2022","2.2413","2.1628","2.2502","2.1557","15.65M","3.69%"
"04/11/2022","2.1615","2.3660","2.3800","2.1233","22.64M","-8.64%"
"04/10/2022","2.3660","2.4169","2.4819","2.3573","12.44M","-2.11%"
"04/09/2022","2.4169","2.3798","2.4438","2.3623","11.99M","1.53%"
"04/08/2022","2.3806","2.5033","2.5220","2.3498","22.40M","-5.01%"
"04/07/2022","2.5061","2.4278","2.5351","2.3916","18.76M","3.20%"
"04/06/2022","2.4283","2.7522","2.7574","2.4178","28.57M","-11.77%"
"04/05/2022","2.7522","2.8922","2.9115","2.7445","18.11M","-4.84%"
"04/04/2022","2.8922","2.8401","2.9368","2.7204","35.25M","1.83%"
"04/03/2022","2.8401","2.7857","2.8632","2.7257","13.26M","2.00%"
"04/02/2022","2.7843","2.8371","2.9340","2.7753","18.41M","-1.86%"
"04/01/2022","2.8371","2.8276","2.8630","2.6742","25.51M","0.34%"
"03/31/2022","2.8276","2.9381","3.0163","2.7545","30.31M","-3.60%"
"03/30/2022","2.9331","2.8965","3.0574","2.8095","27.33M","1.26%"
"03/29/2022","2.8965","2.8532","2.9672","2.7805","33.61M","1.56%"
"03/28/2022","2.8521","2.6688","3.1600","2.6451","88.43M","6.84%"
"03/27/2022","2.6696","2.5130","2.6722","2.4901","18.61M","6.23%"
"03/26/2022","2.5130","2.5068","2.5149","2.4620","9.55M","0.25%"
"03/25/2022","2.5068","2.5403","2.5738","2.4332","21.93M","-1.31%"
"03/24/2022","2.5400","2.5002","2.6202","2.4400","20.61M","1.59%"
"03/23/2022","2.5002","2.5493","2.5859","2.4465","28.21M","-1.92%"
"03/22/2022","2.5491","2.3480","2.5715","2.3479","50.87M","8.56%"
"03/21/2022","2.3480","2.2141","2.4408","2.1500","33.18M","6.05%"
"03/20/2022","2.2141","2.2180","2.2753","2.1572","16.60M","-0.18%"
"03/19/2022","2.2180","2.1290","2.2237","2.1289","12.58M","4.18%"
"03/18/2022","2.1290","2.0859","2.1450","2.0520","17.96M","2.06%"
"03/17/2022","2.0859","2.0858","2.0951","2.0511","17.13M","0.00%"
"03/16/2022","2.0859","1.9862","2.0932","1.9751","32.49M","5.02%"
"03/15/2022","1.9862","1.9688","2.0069","1.9179","17.98M","0.88%"
"03/14/2022","1.9689","1.9069","1.9750","1.8850","25.40M","3.25%"
"03/13/2022","1.9069","1.9682","2.0070","1.8901","19.45M","-3.12%"
"03/12/2022","1.9682","1.9740","2.0090","1.9670","14.26M","-0.25%"
"03/11/2022","1.9731","1.9839","2.0150","1.9281","26.61M","-0.55%"
"03/10/2022","1.9839","2.0659","2.1000","1.9390","31.25M","-3.97%"
"03/09/2022","2.0659","1.9720","2.0790","1.9700","28.07M","4.77%"
"03/08/2022","1.9719","1.9209","1.9930","1.9130","26.46M","2.64%"
"03/07/2022","1.9211","1.9610","2.0200","1.8719","30.25M","-2.03%"
"03/06/2022","1.9610","2.0440","2.0571","1.9550","17.52M","-4.06%"
"03/05/2022","2.0440","2.0030","2.0521","1.9666","16.16M","2.04%"
"03/04/2022","2.0030","2.1559","2.1659","1.9748","34.45M","-7.09%"
"03/03/2022","2.1559","2.2131","2.2231","2.1239","12.26M","-2.59%"
"03/02/2022","2.2131","2.2651","2.2838","2.1821","17.79M","-2.30%"
"03/01/2022","2.2651","2.2821","2.3091","2.2120","19.37M","-0.74%"
"02/28/2022","2.2821","2.0911","2.2821","2.0640","26.43M","9.14%"
"02/27/2022","2.0911","2.1612","2.2453","2.0598","22.40M","-3.24%"
"02/26/2022","2.1612","2.1460","2.2287","2.1359","14.09M","0.71%"
"02/25/2022","2.1460","2.0700","2.1631","2.0321","18.49M","3.67%"
"02/24/2022","2.0700","2.1041","2.1230","1.8620","48.84M","-1.60%"
"02/23/2022","2.1037","2.1667","2.2293","2.1028","15.35M","-2.84%"
"02/22/2022","2.1651","2.0727","2.1769","2.0361","19.64M","4.46%"
"02/21/2022","2.0727","2.1961","2.2731","2.0681","27.02M","-5.62%"
"02/20/2022","2.1961","2.2879","2.2970","2.1716","15.04M","-4.01%"
"02/19/2022","2.2879","2.2962","2.3368","2.2310","13.70M","-0.36%"
"02/18/2022","2.2962","2.3286","2.3800","2.2770","15.21M","-1.42%"
"02/17/2022","2.3292","2.5499","2.5819","2.2963","16.09M","-8.59%"
"02/16/2022","2.5482","2.5291","2.5727","2.4637","13.55M","0.76%"
"02/15/2022","2.5291","2.3699","2.5372","2.3650","8.92M","6.66%"
"02/14/2022","2.3711","2.3798","2.3952","2.3132","7.91M","-0.36%"
"02/13/2022","2.3798","2.3936","2.4293","2.3482","7.62M","-0.58%"
"02/12/2022","2.3936","2.4133","2.4353","2.3348","10.71M","-0.81%"
"02/11/2022","2.4133","2.5495","2.6009","2.3871","19.27M","-5.36%"
"02/10/2022","2.5498","2.6683","2.7656","2.5468","26.36M","-4.44%"
"02/09/2022","2.6683","2.6307","2.6963","2.5892","15.24M","1.49%"
"02/08/2022","2.6291","2.6957","2.7661","2.5431","26.65M","-2.47%"
"02/07/2022","2.6957","2.5388","2.7179","2.4909","20.36M","6.18%"
"02/06/2022","2.5388","2.4770","2.5460","2.4382","10.13M","2.49%"
"02/05/2022","2.4770","2.4795","2.5271","2.4456","14.12M","-0.10%"
"02/04/2022","2.4795","2.3093","2.4840","2.2910","20.12M","7.38%"
"02/03/2022","2.3091","2.2771","2.3092","2.2315","12.18M","1.41%"
"02/02/2022","2.2771","2.3551","2.4563","2.2656","15.64M","-3.31%"
"02/01/2022","2.3551","2.3370","2.3712","2.3113","11.25M","0.78%"
"01/31/2022","2.3370","2.3181","2.3482","2.2112","12.44M","0.82%"
"01/30/2022","2.3181","2.3360","2.3660","2.2648","10.71M","-0.77%"
"01/29/2022","2.3360","2.3093","2.3726","2.2904","10.79M","1.16%"
"01/28/2022","2.3093","2.2242","2.3193","2.1830","16.20M","3.83%"
"01/27/2022","2.2242","2.2116","2.2438","2.1297","18.23M","0.59%"
"01/26/2022","2.2110","2.2252","2.3781","2.1849","26.55M","-0.62%"
"01/25/2022","2.2248","2.1989","2.2343","2.1613","19.13M","1.16%"
"01/24/2022","2.1993","2.2735","2.2735","1.9951","49.58M","-3.23%"
"01/23/2022","2.2728","2.2231","2.2883","2.1625","29.49M","2.24%"
"01/22/2022","2.2231","2.3696","2.4301","2.0144","69.84M","-6.21%"
"01/21/2022","2.3703","2.6379","2.6602","2.3227","44.83M","-10.14%"
"01/20/2022","2.6379","2.7386","2.8439","2.6192","15.29M","-3.68%"
"01/19/2022","2.7386","2.8253","2.8727","2.7055","15.69M","-3.09%"
"01/18/2022","2.8261","2.8312","2.9349","2.7469","17.24M","-0.23%"
"01/17/2022","2.8327","2.9034","2.9080","2.7818","12.60M","-2.43%"
"01/16/2022","2.9034","2.9106","2.9481","2.8669","8.89M","-0.27%"
"01/15/2022","2.9112","2.8628","2.9501","2.8499","12.24M","1.69%"
"01/14/2022","2.8628","2.7896","2.9271","2.7754","16.68M","2.65%"
"01/13/2022","2.7890","2.8833","2.9030","2.7841","12.21M","-3.24%"
"01/12/2022","2.8825","2.7688","2.9081","2.7651","15.67M","4.11%"
"01/11/2022","2.7688","2.7027","2.8012","2.6903","15.75M","2.44%"
"01/10/2022","2.7027","2.7922","2.8262","2.5866","28.68M","-3.20%"
"01/09/2022","2.7922","2.7512","2.8389","2.7419","14.96M","1.48%"
"01/08/2022","2.7515","2.8364","2.8979","2.6762","22.61M","-2.94%"
"01/07/2022","2.8349","2.9218","2.9288","2.7067","38.34M","-3.00%"
"01/06/2022","2.9227","2.8937","2.9369","2.8137","23.66M","1.00%"
"01/05/2022","2.8937","3.1685","3.2293","2.7814","30.35M","-8.67%"
"01/04/2022","3.1685","3.1943","3.2576","3.1419","17.36M","-0.79%"
"01/03/2022","3.1936","3.2511","3.2511","3.1365","15.00M","-1.77%"
"01/02/2022","3.2511","3.1538","3.2738","3.1337","16.69M","3.09%"
"01/01/2022","3.1538","3.0355","3.1538","3.0340","11.26M","3.90%"
"12/31/2021","3.0355","3.0773","3.1498","2.9774","18.97M","-1.36%"
"12/30/2021","3.0773","3.0282","3.1162","2.9669","18.56M","1.62%"
"12/29/2021","3.0282","3.1283","3.2147","3.0134","23.07M","-3.20%"
"12/28/2021","3.1283","3.3912","3.3919","3.1085","24.85M","-7.75%"
"12/27/2021","3.3911","3.3945","3.4979","3.3703","16.04M","-0.11%"
"12/26/2021","3.3948","3.4069","3.4139","3.3169","14.42M","-0.36%"
"12/25/2021","3.4071","3.3753","3.4458","3.3585","15.06M","0.94%"
"12/24/2021","3.3753","3.4985","3.5132","3.3594","19.57M","-3.49%"
"12/23/2021","3.4975","3.3511","3.5284","3.3111","26.93M","4.37%"
"12/22/2021","3.3511","3.3113","3.4264","3.2923","24.10M","1.20%"
"12/21/2021","3.3113","3.1878","3.3576","3.1737","28.98M","3.96%"
"12/20/2021","3.1852","3.1888","3.3363","3.0931","38.88M","-0.11%"
"12/19/2021","3.1888","3.2434","3.3053","3.1760","21.94M","-1.68%"
"12/18/2021","3.2434","3.1552","3.3062","3.1091","18.96M","2.79%"
"12/17/2021","3.1552","3.2104","3.2662","3.0574","28.13M","-1.72%"
"12/16/2021","3.2104","3.3622","3.3877","3.1968","30.31M","-4.57%"
"12/15/2021","3.3642","3.3523","3.4825","3.1390","56.78M","0.27%"
"12/14/2021","3.3551","3.0912","3.4253","3.0498","68.69M","8.55%"
"12/13/2021","3.0909","3.3335","3.3927","3.0090","44.34M","-7.30%"
"12/12/2021","3.3342","3.4032","3.5051","3.2431","32.71M","-2.03%"
"12/11/2021","3.4032","3.0402","3.5651","2.9908","81.03M","12.03%"
"12/10/2021","3.0377","3.2186","3.3386","3.0262","41.09M","-5.59%"
"12/09/2021","3.2177","3.6439","3.6978","3.2139","56.29M","-11.66%"
"12/08/2021","3.6424","3.2213","3.8733","3.1366","116.69M","13.07%"
"12/07/2021","3.2213","3.2748","3.3236","3.1769","27.77M","-1.64%"
"12/06/2021","3.2748","3.0315","3.2934","2.8138","74.66M","8.03%"
"12/05/2021","3.0315","3.1506","3.1863","2.8745","40.33M","-3.78%"
"12/04/2021","3.1506","3.7935","3.8048","2.3963","115.08M","-16.93%"
"12/03/2021","3.7925","3.9642","4.1618","3.6764","30.60M","-4.33%"
"12/02/2021","3.9642","3.9902","4.0056","3.8581","15.49M","-0.63%"
"12/01/2021","3.9895","4.0053","4.1168","3.9361","17.58M","-0.35%"
"11/30/2021","4.0033","4.0015","4.1681","3.8808","29.21M","0.05%"
"11/29/2021","4.0015","3.9663","4.0437","3.9031","18.90M","0.93%"
"11/28/2021","3.9648","3.8989","3.9667","3.6755","25.28M","1.68%"
"11/27/2021","3.8993","3.8447","3.9748","3.8328","18.64M","1.53%"
"11/26/2021","3.8407","4.2491","4.2650","3.7662","44.67M","-9.59%"
"11/25/2021","4.2479","4.1209","4.3131","4.0971","20.48M","2.96%"
"11/24/2021","4.1259","4.2355","4.2583","4.0244","23.14M","-2.59%"
"11/23/2021","4.2355","4.1356","4.2452","4.0620","26.97M","2.40%"
"11/22/2021","4.1364","4.2478","4.2722","4.0577","26.14M","-2.62%"
"11/21/2021","4.2478","4.3415","4.3791","4.2322","17.33M","-2.16%"
"11/20/2021","4.3415","4.2875","4.3489","4.1813","17.05M","1.27%"
"11/19/2021","4.2872","4.0932","4.3167","4.0491","22.12M","4.74%"
"11/18/2021","4.0932","4.3697","4.4308","3.9466","40.34M","-6.33%"
"11/17/2021","4.3697","4.3296","4.4110","4.1772","27.54M","0.93%"
"11/16/2021","4.3296","4.8055","4.8072","4.0900","55.83M","-9.90%"
"11/15/2021","4.8055","4.9561","5.0944","4.7787","22.09M","-3.04%"
"11/14/2021","4.9561","5.0104","5.0868","4.8324","19.49M","-1.04%"
"11/13/2021","5.0082","4.8493","5.0689","4.7984","19.81M","3.28%"
"11/12/2021","4.8493","4.9248","5.1020","4.6749","39.48M","-1.53%"
"11/11/2021","4.9248","4.8487","5.0252","4.7975","26.22M","1.58%"
"11/10/2021","4.8480","5.2057","5.3824","4.5766","72.12M","-6.87%"
"11/09/2021","5.2057","4.8600","5.3761","4.8371","82.54M","7.11%"
"11/08/2021","4.8600","4.5930","4.8874","4.5844","28.87M","5.81%"
"11/07/2021","4.5930","4.4458","4.5930","4.4187","12.99M","3.31%"
"11/06/2021","4.4458","4.5043","4.5412","4.2604","20.83M","-1.30%"
"11/05/2021","4.5043","4.5429","4.5777","4.4640","22.71M","-0.88%"
"11/04/2021","4.5443","4.7058","4.7497","4.4422","31.55M","-3.43%"
"11/03/2021","4.7058","4.6973","4.8638","4.5265","47.97M","0.17%"
"11/02/2021","4.6980","4.6397","4.7841","4.5847","30.86M","1.26%"
"11/01/2021","4.6397","4.6360","4.7114","4.4673","38.70M","0.08%"
"10/31/2021","4.6361","4.4729","4.7649","4.4514","40.40M","3.67%"
"10/30/2021","4.4720","4.4945","4.5152","4.3708","26.37M","-0.45%"
"10/29/2021","4.4922","4.4000","4.5388","4.3807","27.33M","2.09%"
"10/28/2021","4.4002","4.1471","4.4891","4.1396","45.38M","6.02%"
"10/27/2021","4.1505","4.7151","4.7714","3.8705","70.75M","-11.95%"
"10/26/2021","4.7136","4.8183","4.9325","4.6610","39.57M","-2.17%"
"10/25/2021","4.8182","4.7453","4.8474","4.7159","35.93M","1.52%"
"10/24/2021","4.7458","4.7486","5.0838","4.6626","61.10M","-0.06%"
"10/23/2021","4.7488","4.6132","4.7681","4.5860","33.19M","2.93%"
"10/22/2021","4.6136","4.6661","4.7846","4.5570","36.93M","-1.10%"
"10/21/2021","4.6649","4.8252","4.9462","4.6066","50.91M","-3.31%"
"10/20/2021","4.8244","4.4590","4.8870","4.4455","47.19M","8.17%"
"10/19/2021","4.4600","4.4211","4.5164","4.3730","36.94M","0.88%"
"10/18/2021","4.4211","4.4134","4.5623","4.3630","40.44M","0.18%"
"10/17/2021","4.4133","4.5678","4.5982","4.2741","38.44M","-3.33%"
"10/16/2021","4.5654","4.6429","4.7134","4.5405","38.11M","-1.67%"
"10/15/2021","4.6429","4.6203","4.7341","4.4561","58.88M","0.50%"
"10/14/2021","4.6196","4.5972","4.7243","4.5623","42.40M","0.49%"
"10/13/2021","4.5972","4.4904","4.6095","4.3910","47.05M","2.38%"
"10/12/2021","4.4903","4.5538","4.5538","4.2801","56.38M","-1.39%"
"10/11/2021","4.5537","4.5778","4.7575","4.4325","48.23M","-0.60%"
"10/10/2021","4.5813","4.9979","5.0017","4.5660","50.14M","-8.28%"
"10/09/2021","4.9952","4.6444","5.0568","4.6147","55.31M","7.61%"
"10/08/2021","4.6418","4.7144","4.8239","4.5989","49.68M","-1.47%"
"10/07/2021","4.7109","4.7391","4.8350","4.5552","56.72M","-0.59%"
"10/06/2021","4.7391","4.7308","4.9071","4.3745","70.99M","0.17%"
"10/05/2021","4.7313","4.5958","4.7832","4.5552","55.01M","2.95%"
"10/04/2021","4.5958","4.6355","4.7270","4.3623","59.41M","-0.85%"
"10/03/2021","4.6351","4.3224","4.8533","4.2270","64.15M","7.23%"
"10/02/2021","4.3227","4.2739","4.4571","4.1935","40.96M","1.15%"
"10/01/2021","4.2738","3.9378","4.2892","3.9084","53.18M","8.55%"
"09/30/2021","3.9370","3.7454","3.9423","3.7219","37.33M","5.09%"
"09/29/2021","3.7465","3.6838","3.8654","3.6387","43.56M","1.70%"
"09/28/2021","3.6838","3.8278","3.8966","3.6619","51.65M","-3.75%"
"09/27/2021","3.8274","3.9742","4.1067","3.8253","52.48M","-3.69%"
"09/26/2021","3.9739","4.0104","4.1343","3.6739","75.99M","-0.91%"
"09/25/2021","4.0104","4.0278","4.0928","3.9075","47.78M","-0.47%"
"09/24/2021","4.0293","4.3733","4.3878","3.7912","77.63M","-7.87%"
"09/23/2021","4.3734","4.3018","4.3876","4.1942","50.73M","1.66%"
"09/22/2021","4.3021","3.8823","4.3246","3.8084","61.57M","10.84%"
"09/21/2021","3.8812","4.1986","4.3071","3.7936","91.17M","-7.56%"
"09/20/2021","4.1986","4.9081","4.9200","4.0969","108.41M","-14.47%"
"09/19/2021","4.9088","5.4680","5.4974","4.8613","66.41M","-10.22%"
"09/18/2021","5.4678","5.2479","5.4956","5.1074","75.41M","4.23%"
"09/17/2021","5.2460","5.0179","5.5087","4.9502","105.94M","4.56%"
"09/16/2021","5.0174","5.1043","5.1769","4.8892","59.95M","-1.70%"
"09/15/2021","5.1040","4.8614","5.1499","4.7743","59.24M","5.04%"
"09/14/2021","4.8591","4.7413","4.8780","4.7053","54.05M","2.48%"
"09/13/2021","4.7413","4.8823","4.9421","4.4909","79.12M","-2.95%"
"09/12/2021","4.8854","4.6747","4.9425","4.5773","60.46M","4.51%"
"09/11/2021","4.6747","4.5639","4.7868","4.5524","50.96M","2.46%"
"09/10/2021","4.5627","4.8149","5.0436","4.4704","71.36M","-5.23%"
"09/09/2021","4.8145","4.7418","4.9444","4.6705","80.69M","1.56%"
"09/08/2021","4.7406","4.8682","4.9623","4.4266","123.97M","-2.63%"
"09/07/2021","4.8688","6.2168","6.2535","4.3261","210.94M","-21.68%"
"09/06/2021","6.2169","6.2931","6.4142","5.9270","117.55M","-1.22%"
"09/05/2021","6.2936","5.6918","6.3190","5.5349","128.89M","10.57%"
"09/04/2021","5.6918","5.6685","5.8762","5.5584","109.21M","0.41%"
"09/03/2021","5.6688","5.2578","5.7340","5.1339","103.97M","7.82%"
"09/02/2021","5.2578","5.3103","5.3856","5.1865","76.60M","-0.99%"
"09/01/2021","5.3102","5.0395","5.3297","4.9063","78.06M","5.32%"
"08/31/2021","5.0418","4.8188","5.0960","4.7539","78.63M","4.65%"
"08/30/2021","4.8177","5.0582","5.0766","4.8031","63.13M","-4.69%"
"08/29/2021","5.0548","5.0054","5.2389","4.9745","75.71M","1.05%"
"08/28/2021","5.0022","5.0902","5.1020","4.8790","63.48M","-1.73%"
"08/27/2021","5.0904","4.7442","5.0904","4.6397","87.27M","7.30%"
"08/26/2021","4.7439","5.2101","5.2739","4.6635","98.13M","-8.98%"
"08/25/2021","5.2117","5.0620","5.2488","4.9132","91.52M","2.96%"
"08/24/2021","5.0620","5.5964","5.6870","4.8943","110.76M","-9.56%"
"08/23/2021","5.5972","5.4133","5.6921","5.3670","91.26M","3.37%"
"08/22/2021","5.4145","5.3539","5.5387","5.2147","82.38M","1.17%"
"08/21/2021","5.3521","5.4619","5.6374","5.2926","90.23M","-2.03%"
"08/20/2021","5.4632","5.2536","5.4743","5.1873","81.13M","3.96%"
"08/19/2021","5.2552","4.9814","5.2566","4.8133","94.14M","5.47%"
"08/18/2021","4.9827","5.0618","5.1682","4.7478","110.88M","-1.56%"
"08/17/2021","5.0619","5.5153","5.6715","5.0122","126.05M","-8.22%"
"08/16/2021","5.5155","5.6924","5.9375","5.4576","126.55M","-3.21%"
"08/15/2021","5.6984","5.4888","5.7003","5.1393","109.20M","3.82%"
"08/14/2021","5.4888","5.1583","5.5492","5.0518","135.42M","6.39%"
"08/13/2021","5.1590","4.6598","5.1607","4.6117","92.61M","10.78%"
"08/12/2021","4.6570","4.7547","5.0869","4.5412","109.56M","-2.06%"
"08/11/2021","4.7547","4.5963","4.9732","4.5892","90.63M","3.44%"
"08/10/2021","4.5967","4.5336","4.7059","4.4094","75.49M","1.37%"
"08/09/2021","4.5344","4.2948","4.5638","4.1610","74.06M","5.59%"
"08/08/2021","4.2945","4.5925","4.6604","4.2332","80.23M","-6.49%"
"08/07/2021","4.5926","4.3185","4.6420","4.2822","90.97M","6.37%"
"08/06/2021","4.3177","4.1875","4.3506","4.1034","67.47M","3.11%"
"08/05/2021","4.1874","4.1128","4.2145","3.9499","67.98M","1.82%"
"08/04/2021","4.1125","4.0229","4.1510","3.9287","54.61M","2.26%"
"08/03/2021","4.0217","4.0271","4.0896","3.8687","57.68M","-0.13%"
"08/02/2021","4.0271","3.9406","4.1534","3.8926","65.48M","2.13%"
"08/01/2021","3.9430","4.0675","4.2303","3.8645","83.60M","-2.98%"
"07/31/2021","4.0643","4.0659","4.1928","4.0063","76.16M","-0.05%"
"07/30/2021","4.0665","3.9660","4.0711","3.7903","61.36M","2.55%"
"07/29/2021","3.9655","3.9197","3.9837","3.8056","54.30M","1.30%"
"07/28/2021","3.9146","3.7584","4.0104","3.6931","89.28M","4.16%"
"07/27/2021","3.7584","3.6812","3.7885","3.6048","67.89M","2.07%"
"07/26/2021","3.6823","3.6587","3.9905","3.6341","100.02M","0.64%"
"07/25/2021","3.6589","3.6275","3.6956","3.5526","49.99M","0.35%"
"07/24/2021","3.6460","3.6319","3.6861","3.6151","47.27M","0.38%"
"07/23/2021","3.6322","3.5654","3.6436","3.4566","48.99M","1.88%"
"07/22/2021","3.5652","3.4996","3.5778","3.4310","54.63M","1.93%"
"07/21/2021","3.4976","3.2593","3.5663","3.2105","69.74M","7.30%"
"07/20/2021","3.2596","3.4362","3.5389","3.1594","57.37M","-5.10%"
"07/19/2021","3.4348","3.6353","3.6779","3.4117","47.63M","-5.51%"
"07/18/2021","3.6352","3.6561","3.7715","3.5670","47.81M","-0.59%"
"07/17/2021","3.6567","3.6520","3.7752","3.5884","58.14M","0.13%"
"07/16/2021","3.6519","3.6684","3.8268","3.5328","56.99M","-0.38%"
"07/15/2021","3.6657","3.7974","3.9145","3.5755","59.15M","-3.47%"
"07/14/2021","3.7975","3.8902","3.8902","2.9044","64.58M","-2.38%"
"07/13/2021","3.8901","4.1901","4.2113","3.7999","70.67M","-7.26%"
"07/12/2021","4.1945","4.0769","4.3727","4.0439","84.65M","2.90%"
"07/11/2021","4.0764","3.9656","4.1672","3.8345","61.94M","2.82%"
"07/10/2021","3.9647","4.2189","4.4168","3.8754","82.70M","-5.98%"
"07/09/2021","4.2169","3.5924","4.3004","3.5283","118.05M","17.38%"
"07/08/2021","3.5924","3.8241","3.8393","3.5660","58.84M","-6.07%"
"07/07/2021","3.8246","3.8777","3.9785","3.8155","44.33M","-1.36%"
"07/06/2021","3.8775","3.8100","4.0043","3.7888","54.61M","1.72%"
"07/05/2021","3.8120","4.0623","4.0623","3.7660","60.18M","-6.18%"
"07/04/2021","4.0631","4.0411","4.1851","4.0176","53.14M","0.54%"
"07/03/2021","4.0411","3.9234","4.0636","3.8537","48.00M","2.98%"
"07/02/2021","3.9240","3.9260","3.9947","3.7470","60.05M","-0.08%"
"07/01/2021","3.9272","4.1384","4.2064","3.8565","70.22M","-5.06%"
"06/30/2021","4.1367","4.1245","4.2992","3.8374","75.79M","0.30%"
"06/29/2021","4.1245","3.8499","4.2887","3.8409","89.46M","7.20%"
"06/28/2021","3.8473","3.7738","3.9425","3.6879","58.44M","2.06%"
"06/27/2021","3.7698","3.5701","3.7748","3.4894","54.04M","5.59%"
"06/26/2021","3.5701","3.5397","3.6544","3.3535","68.88M","0.85%"
"06/25/2021","3.5401","3.9198","4.0206","3.5104","88.96M","-9.67%"
"06/24/2021","3.9192","3.6687","3.9249","3.5208","67.40M","6.89%"
"06/23/2021","3.6667","3.3854","3.8013","3.2549","66.35M","8.34%"
"06/22/2021","3.3844","3.5220","3.7597","3.0446","101.02M","-4.02%"
"06/21/2021","3.5260","4.5054","4.5210","3.5069","83.64M","-21.73%"
"06/20/2021","4.5048","4.4612","4.5314","4.1096","59.45M","0.91%"
"06/19/2021","4.4642","4.5644","4.6976","4.4552","50.06M","-2.02%"
"06/18/2021","4.5564","4.8735","4.8853","4.4170","57.87M","-6.47%"
"06/17/2021","4.8714","4.8645","5.0804","4.7560","49.26M","0.16%"
"06/16/2021","4.8637","5.1837","5.2320","4.8253","62.38M","-6.20%"
"06/15/2021","5.1852","5.2972","5.3934","5.1123","67.42M","-2.12%"
"06/14/2021","5.2976","5.0897","5.3219","4.9578","69.66M","4.09%"
"06/13/2021","5.0896","4.8260","5.1087","4.6662","60.59M","5.52%"
"06/12/2021","4.8235","4.9188","4.9188","4.5889","72.00M","-1.94%"
"06/11/2021","4.9188","5.0790","5.3768","4.8610","77.24M","-3.15%"
"06/10/2021","5.0788","5.3321","5.4419","4.9341","87.72M","-4.75%"
"06/09/2021","5.3318","5.0501","5.3811","4.7766","120.45M","5.62%"
"06/08/2021","5.0479","5.1887","5.2525","4.5093","152.80M","-2.76%"
"06/07/2021","5.1914","5.8452","5.9672","5.0977","158.95M","-11.16%"
"06/06/2021","5.8437","5.7768","5.9458","5.7153","135.74M","1.17%"
"06/05/2021","5.7763","6.0183","6.2192","5.6488","147.31M","-4.06%"
"06/04/2021","6.0206","6.5313","6.5395","5.7922","160.78M","-7.82%"
"06/03/2021","6.5316","6.3713","6.6960","6.2346","157.31M","2.50%"
"06/02/2021","6.3723","6.3046","6.5456","6.1296","161.62M","1.08%"
"06/01/2021","6.3043","6.6326","6.7467","6.0833","172.32M","-5.00%"
"05/31/2021","6.6359","6.0299","6.6704","5.7499","191.36M","9.88%"
"05/30/2021","6.0390","6.0197","6.3572","5.5561","194.78M","0.35%"
"05/29/2021","6.0177","6.1138","6.7953","5.7571","246.60M","-1.60%"
"05/28/2021","6.1156","7.0001","7.0558","5.8378","276.30M","-12.59%"
"05/27/2021","6.9967","6.4326","7.6334","6.0812","292.26M","8.80%"
"05/26/2021","6.4306","5.6960","6.4959","5.5454","215.78M","12.87%"
"05/25/2021","5.6974","5.6377","5.9935","5.0660","241.11M","1.23%"
"05/24/2021","5.6281","4.2910","5.6281","4.1752","222.88M","31.07%"
"05/23/2021","4.2939","5.1025","5.3177","3.5800","249.13M","-15.85%"
"05/22/2021","5.1025","5.5588","5.6637","4.9107","466.30M","-8.23%"
"05/21/2021","5.5604","6.6353","6.9082","4.8412","754.78M","-16.19%"
"05/20/2021","6.6348","5.6967","7.0025","5.1312","843.34M","16.85%"
"05/19/2021","5.6781","9.3261","9.4754","4.1734","1.16B","-39.15%"
"05/18/2021","9.3312","9.1417","10.0018","8.9566","841.39M","2.04%"
"05/17/2021","9.1447","10.1073","10.1291","8.6248","1.01B","-9.49%"
"05/16/2021","10.1039","10.2097","11.2219","9.4306","965.99M","-1.03%"
"05/15/2021","10.2091","11.1600","11.9200","10.1258","1.10B","-8.54%"
"05/14/2021","11.1624","10.6068","11.6482","10.5283","1.08B","5.25%"
"05/13/2021","10.6052","10.3853","11.6234","9.4516","1.30B","2.10%"
"05/12/2021","10.3871","14.5131","14.8866","10.1998","1.58B","-28.21%"
"05/11/2021","14.4695","9.2639","14.5125","8.7934","1.48B","56.18%"
"05/10/2021","9.2648","10.5265","10.9844","8.2427","1.10B","-11.67%"
"05/09/2021","10.4895","10.3365","11.0945","9.1255","1.01B","1.49%"
"05/08/2021","10.3356","10.3733","11.1825","9.6212","1.07B","-0.39%"
"05/07/2021","10.3763","11.4666","13.2074","9.5710","1.57B","-9.50%"
"05/06/2021","11.4660","8.7275","12.7798","8.4290","1.54B","31.36%"
"05/05/2021","8.7286","6.4242","8.8281","6.4242","866.05M","37.15%"
"05/04/2021","6.3641","6.8095","7.0397","6.2175","657.68M","-6.53%"
"05/03/2021","6.8088","6.5259","6.8856","6.5191","473.67M","4.33%"
"05/02/2021","6.5263","6.6139","6.6936","6.1979","461.87M","-1.35%"
"05/01/2021","6.6154","6.4494","6.6566","6.2937","425.76M","2.65%"
"04/30/2021","6.4445","5.8978","6.4569","5.7860","439.44M","9.25%"
"04/29/2021","5.8988","5.9562","6.0418","5.6230","420.29M","-0.97%"
"04/28/2021","5.9569","6.0642","6.2201","5.6905","452.18M","-1.68%"
"04/27/2021","6.0589","5.8619","6.1037","5.7523","464.12M","3.34%"
"04/26/2021","5.8630","4.9985","5.8994","4.9310","500.63M","17.35%"
"04/25/2021","4.9962","5.0860","5.4517","4.6152","448.15M","-1.87%"
"04/24/2021","5.0916","5.5761","5.5903","5.0323","465.71M","-8.67%"
"04/23/2021","5.5748","5.8598","5.9948","4.4784","673.00M","-4.79%"
"04/22/2021","5.8555","6.3188","6.8173","5.6040","621.97M","-7.37%"
"04/21/2021","6.3210","6.6953","6.8452","6.2333","569.79M","-5.61%"
"04/20/2021","6.6968","6.5986","6.8493","6.0685","643.75M","1.41%"
"04/19/2021","6.6035","7.2891","7.4914","6.5004","715.19M","-9.27%"
"04/18/2021","7.2784","7.7815","7.9340","5.8736","841.92M","-6.54%"
"04/17/2021","7.7878","8.4922","8.8360","7.6060","802.82M","-8.39%"
"04/16/2021","8.5012","7.8850","8.7402","7.0779","871.87M","7.95%"
"04/15/2021","7.8752","7.6647","7.9194","7.2889","597.03M","2.75%"
"04/14/2021","7.6644","7.3814","8.0743","7.0459","766.59M","3.83%"
"04/13/2021","7.3820","6.4773","7.5498","6.4208","594.16M","13.96%"
"04/12/2021","6.4779","6.7283","6.8616","6.2941","475.14M","-3.71%"
"04/11/2021","6.7277","6.6152","7.0616","6.5540","564.36M","1.67%"
"04/10/2021","6.6171","6.2053","6.7590","6.1537","513.52M","6.67%"
"04/09/2021","6.2032","6.4418","6.5931","6.0750","505.38M","-3.74%"
"04/08/2021","6.4444","5.8852","6.4663","5.8100","530.66M","9.48%"
"04/07/2021","5.8866","6.6412","7.0469","5.7364","742.54M","-11.36%"
"04/06/2021","6.6410","6.6960","7.0821","6.2059","676.12M","-0.77%"
"04/05/2021","6.6923","6.2829","7.0658","5.8371","671.91M","6.48%"
"04/04/2021","6.2849","5.4144","6.2976","5.3346","549.42M","16.08%"
"04/03/2021","5.4142","6.2588","6.4780","5.2381","613.29M","-13.48%"
"04/02/2021","6.2578","5.5919","6.3465","5.3761","627.08M","12.00%"
"04/01/2021","5.5874","4.8023","5.9729","4.7085","556.45M","16.36%"
"03/31/2021","4.8017","4.3384","4.9010","4.0675","405.83M","10.69%"
"03/30/2021","4.3380","4.2779","4.4029","4.2117","303.47M","1.35%"
"03/29/2021","4.2801","4.1108","4.3099","4.0654","295.15M","4.13%"
"03/28/2021","4.1106","4.0887","4.2105","4.0348","293.58M","0.54%"
"03/27/2021","4.0886","4.1860","4.1978","3.9808","284.74M","-2.30%"
"03/26/2021","4.1848","3.6744","4.1851","3.6714","326.71M","13.89%"
"03/25/2021","3.6744","3.6927","3.7799","3.5337","326.67M","-0.48%"
"03/24/2021","3.6921","4.0895","4.3071","3.4699","362.04M","-9.72%"
"03/23/2021","4.0897","4.0786","4.2661","4.0397","327.57M","0.30%"
"03/22/2021","4.0776","4.1549","4.3478","4.0009","342.40M","-1.88%"
"03/21/2021","4.1557","4.3298","4.4161","4.1179","306.84M","-4.04%"
"03/20/2021","4.3308","4.1376","4.4987","4.1261","315.00M","4.62%"
"03/19/2021","4.1395","4.1415","4.2638","4.0331","291.26M","-0.19%"
"03/18/2021","4.1472","4.0861","4.3219","4.0570","332.56M","1.49%"
"03/17/2021","4.0862","4.0650","4.0936","3.8549","295.03M","0.52%"
"03/16/2021","4.0651","3.8125","4.1291","3.6770","339.08M","6.64%"
"03/15/2021","3.8120","3.9298","4.0332","3.7247","323.30M","-3.16%"
"03/14/2021","3.9366","4.2808","4.3819","3.9366","335.26M","-8.04%"
"03/13/2021","4.2808","3.7836","4.3861","3.6822","339.89M","13.16%"
"03/12/2021","3.7831","3.9543","3.9926","3.6778","306.20M","-4.27%"
"03/11/2021","3.9516","3.9885","4.0484","3.8147","309.89M","-0.93%"
"03/10/2021","3.9888","4.1652","4.1865","3.9028","334.87M","-4.24%"
"03/09/2021","4.1653","3.8961","4.1792","3.8483","307.83M","6.93%"
"03/08/2021","3.8954","3.8305","3.9227","3.7341","303.10M","1.69%"
"03/07/2021","3.8308","3.7205","3.8446","3.7158","267.15M","2.91%"
"03/06/2021","3.7224","3.6906","3.7707","3.5992","268.44M","0.84%"
"03/05/2021","3.6912","3.7471","3.7544","3.5615","303.70M","-1.50%"
"03/04/2021","3.7474","3.8251","3.9185","3.6418","334.88M","-2.14%"
"03/03/2021","3.8294","3.6681","4.0598","3.6445","345.04M","4.42%"
"03/02/2021","3.6674","3.7066","3.8419","3.5686","316.78M","-0.08%"
"03/01/2021","3.6703","3.4756","3.7544","3.4495","290.21M","5.72%"
"02/28/2021","3.4715","3.6709","3.6976","3.2505","346.00M","-5.47%"
"02/27/2021","3.6724","3.5517","3.8373","3.5439","333.60M","3.38%"
"02/26/2021","3.5522","3.6711","3.7686","3.4042","442.85M","-3.25%"
"02/25/2021","3.6715","3.8895","4.0966","3.6294","414.92M","-5.60%"
"02/24/2021","3.8894","3.8521","4.1299","3.6855","457.65M","0.95%"
"02/23/2021","3.8527","4.6898","4.7173","3.1974","724.20M","-17.92%"
"02/22/2021","4.6940","5.1023","5.2998","4.1337","591.42M","-8.00%"
"02/21/2021","5.1025","4.8424","5.3616","4.7377","474.97M","5.33%"
"02/20/2021","4.8445","5.2301","5.4458","4.5269","500.36M","-7.41%"
"02/19/2021","5.2324","4.8204","5.3724","4.6619","431.27M","8.61%"
"02/18/2021","4.8174","4.8406","4.9791","4.6716","376.55M","-0.34%"
"02/17/2021","4.8340","4.6447","4.8845","4.4265","417.87M","4.06%"
"02/16/2021","4.6453","4.7059","4.9861","4.4208","493.27M","-1.25%"
"02/15/2021","4.7043","5.0701","5.2436","4.1531","585.57M","-7.16%"
"02/14/2021","5.0669","5.5507","5.5950","4.8828","538.82M","-8.70%"
"02/13/2021","5.5498","4.7491","5.5498","4.5064","612.15M","16.86%"
"02/12/2021","4.7492","4.5815","4.8335","4.2486","465.69M","3.67%"
"02/11/2021","4.5811","4.1289","4.6686","4.0131","484.48M","10.93%"
"02/10/2021","4.1297","4.1694","4.5209","3.6724","597.37M","-0.73%"
"02/09/2021","4.1600","3.5938","4.3030","3.4899","453.32M","15.77%"
"02/08/2021","3.5934","3.4379","3.5934","3.3515","345.23M","4.58%"
"02/07/2021","3.4360","3.2095","3.5874","3.0400","426.17M","7.05%"
"02/06/2021","3.2096","3.3138","3.3252","3.1427","263.98M","-3.22%"
"02/05/2021","3.3163","3.0297","3.3767","3.0219","328.95M","9.45%"
"02/04/2021","3.0299","3.0662","3.1417","2.9997","297.39M","-1.19%"
"02/03/2021","3.0663","2.9971","3.1000","2.9860","242.18M","2.31%"
"02/02/2021","2.9970","3.0544","3.0710","2.9553","255.26M","-1.90%"
"02/01/2021","3.0552","2.9287","3.2761","2.9004","426.27M","4.35%"
"01/31/2021","2.9279","2.9317","3.0705","2.8062","312.86M","-0.05%"
"01/30/2021","2.9295","2.7245","3.0944","2.6888","313.41M","7.54%"
"01/29/2021","2.7241","2.7070","2.8984","2.6509","293.74M","0.66%"
"01/28/2021","2.7062","2.5007","2.7933","2.4779","254.20M","8.11%"
"01/27/2021","2.5032","2.6277","2.6277","2.4634","221.99M","-4.76%"
"01/26/2021","2.6282","2.6481","2.6728","2.5546","215.91M","-0.75%"
"01/25/2021","2.6481","2.7133","2.7660","2.6318","229.08M","-2.39%"
"01/24/2021","2.7128","2.7026","2.7724","2.6471","215.09M","0.38%"
"01/23/2021","2.7026","2.6225","2.7791","2.5762","242.26M","3.05%"